device,timestamp,server_id,server_name,server_country,server_sponsor,server_host,server_location,ping_ms,download_mbps,upload_mbps,download_bytes,upload_bytes,bytes_sent,bytes_received,client_ip,client_isp,isp,interface_external_ip,result_id,result_url,cli_type
OLT Punto Rojo 1,2025-08-21T01:39:21.763020,18204,Telecable S.A.,Costa Rica,,speedtest.telecablecr.com,San JosÃ©,15.751,165.509088,134.85384,273412620,72225699,,,,,Telecable Costa Rica,190.113.114.238,846e9e10-d8ef-48e5-8bb0-02c08e4cda58,https://www.speedtest.net/result/c/846e9e10-d8ef-48e5-8bb0-02c08e4cda58,official
OLT Punto Rojo 1,2025-08-21T01:39:53.711648,17639,Telecable S.A.,United States,,speedtestmiami.telecablecr.com,"Miami, FL",40.502,163.780848,142.492952,182252628,175866118,,,,,Telecable Costa Rica,190.113.114.238,31e5daf7-4d7e-46a2-9009-5833c72e9778,https://www.speedtest.net/result/c/31e5daf7-4d7e-46a2-9009-5833c72e9778,official
OLT Punto Rojo 1,2025-08-21T01:47:21.672312,18204,Telecable S.A.,Costa Rica,,speedtest.telecablecr.com,San JosÃ©,3.237,415.054256,440.690616,555540396,518876715,,,,,Telecable Economico,200.229.0.182,66dc16ca-8ad3-4618-b92f-5221b916e4a4,https://www.speedtest.net/result/c/66dc16ca-8ad3-4618-b92f-5221b916e4a4,official
OLT Punto Rojo 1,2025-08-21T01:47:55.598628,17639,Telecable S.A.,United States,,speedtestmiami.telecablecr.com,"Miami, FL",39.013,16.159664,433.693648,20602492,597761063,,,,,Telecable Economico,200.229.0.182,4468b573-88c6-4c95-acb2-212f4cf06c7f,https://www.speedtest.net/result/c/4468b573-88c6-4c95-acb2-212f4cf06c7f,official
OLT Punto Rojo 1,2025-08-21T01:53:26.656945,18204,Telecable S.A.,Costa Rica,,speedtest.telecablecr.com,San JosÃ©,3.303,414.117856,442.800168,543414724,522090855,,,,,Telecable Economico,200.229.0.182,5d01adc4-57af-4cb4-8935-b76a0af4a7db,https://www.speedtest.net/result/c/5d01adc4-57af-4cb4-8935-b76a0af4a7db,official
OLT Punto Rojo 1,2025-08-21T01:54:01.506742,17639,Telecable S.A.,United States,,speedtestmiami.telecablecr.com,"Miami, FL",38.964,17.41904,394.790392,28885284,352893140,,,,,Telecable Economico,200.229.0.182,0aabe43e-d41d-4207-9070-05075855b5ce,https://www.speedtest.net/result/c/0aabe43e-d41d-4207-9070-05075855b5ce,official
OLT Punto Rojo 1,2025-08-21T01:59:32.506609,18204,Telecable S.A.,Costa Rica,,speedtest.telecablecr.com,San JosÃ©,3.499,413.170944,443.525472,546222608,522445023,,,,,Telecable Economico,200.229.0.182,2d7a1516-93e4-4ae1-bb77-c16a0f10ae73,https://www.speedtest.net/result/c/2d7a1516-93e4-4ae1-bb77-c16a0f10ae73,official
OLT Punto Rojo 1,2025-08-21T02:00:12.033311,17639,Telecable S.A.,United States,,speedtestmiami.telecablecr.com,"Miami, FL",38.993,17.346152,440.096584,29869448,678915359,,,,,Telecable Economico,200.229.0.182,ae5a870f-0ed9-44a2-b442-bc8b60d19459,https://www.speedtest.net/result/c/ae5a870f-0ed9-44a2-b442-bc8b60d19459,official
OLT Punto Rojo 1,2025-08-21T02:05:43.535195,18204,Telecable S.A.,Costa Rica,,speedtest.telecablecr.com,San JosÃ©,3.489,414.81276,444.376272,559969840,552804956,,,,,Telecable Economico,200.229.0.182,a162136b-8056-4584-b07b-45b4ab8e450f,https://www.speedtest.net/result/c/a162136b-8056-4584-b07b-45b4ab8e450f,official
OLT Punto Rojo 1,2025-08-21T02:06:15.229017,17639,Telecable S.A.,United States,,speedtestmiami.telecablecr.com,"Miami, FL",38.995,19.41716,426.579984,29393604,389985410,,,,,Telecable Economico,200.229.0.182,d3690a15-038d-4d7a-835e-7949c3d3f9a1,https://www.speedtest.net/result/c/d3690a15-038d-4d7a-835e-7949c3d3f9a1,official
OLT Punto Rojo 1,2025-08-21T02:11:46.034459,18204,Telecable S.A.,Costa Rica,,speedtest.telecablecr.com,San JosÃ©,3.237,415.169704,443.067424,565230952,504476435,,,,,Telecable Economico,200.229.0.182,38df515c-78a5-4297-b7b3-498ccad68c39,https://www.speedtest.net/result/c/38df515c-78a5-4297-b7b3-498ccad68c39,official
OLT Punto Rojo 1,2025-08-21T02:12:22.692459,17639,Telecable S.A.,United States,,speedtestmiami.telecablecr.com,"Miami, FL",38.942,16.545888,444.698512,28734200,532068037,,,,,Telecable Economico,200.229.0.182,2ce2130b-c0aa-4fef-a872-569a7dc36b18,https://www.speedtest.net/result/c/2ce2130b-c0aa-4fef-a872-569a7dc36b18,official
OLT Punto Rojo 1,2025-08-21T02:17:53.571834,18204,Telecable S.A.,Costa Rica,,speedtest.telecablecr.com,San JosÃ©,3.063,415.243456,443.59464,559746452,516900265,,,,,Telecable Economico,200.229.0.182,30a801e9-cb5f-4a3f-8ca1-75fe20f05d2f,https://www.speedtest.net/result/c/30a801e9-cb5f-4a3f-8ca1-75fe20f05d2f,official
OLT Punto Rojo 1,2025-08-21T02:18:33.733932,17639,Telecable S.A.,United States,,speedtestmiami.telecablecr.com,"Miami, FL",38.933,17.901112,439.38036,30547208,697797015,,,,,Telecable Economico,200.229.0.182,0863da1d-16f0-40e0-9a34-cc2bf3917776,https://www.speedtest.net/result/c/0863da1d-16f0-40e0-9a34-cc2bf3917776,official
OLT Punto Rojo 1,2025-08-21T02:24:05.388851,18204,Telecable S.A.,Costa Rica,,speedtest.telecablecr.com,San JosÃ©,3.429,413.901488,443.525056,552719804,517382776,,,,,Telecable Economico,200.229.0.182,950ce9fa-6665-4a62-8e59-02f56f7f16ba,https://www.speedtest.net/result/c/950ce9fa-6665-4a62-8e59-02f56f7f16ba,official
OLT Punto Rojo 1,2025-08-21T02:24:44.574340,17639,Telecable S.A.,United States,,speedtestmiami.telecablecr.com,"Miami, FL",38.927,21.647312,445.348848,37670748,662686091,,,,,Telecable Economico,200.229.0.182,e5b6b3a0-1359-419b-a512-14d97d03b3e0,https://www.speedtest.net/result/c/e5b6b3a0-1359-419b-a512-14d97d03b3e0,official
OLT Punto Rojo 1,2025-08-21T02:30:14.829825,18204,Telecable S.A.,Costa Rica,,speedtest.telecablecr.com,San JosÃ©,3.529,415.187256,443.85244,543973292,499352035,,,,,Telecable Economico,200.229.0.182,ad079fcd-1b02-45ae-b4fe-c2b75547b110,https://www.speedtest.net/result/c/ad079fcd-1b02-45ae-b4fe-c2b75547b110,official
OLT Punto Rojo 1,2025-08-21T02:30:54.178351,17639,Telecable S.A.,United States,,speedtestmiami.telecablecr.com,"Miami, FL",38.844,22.523472,439.184296,36072656,657101890,,,,,Telecable Economico,200.229.0.182,8ed688c4-7c01-42b6-89db-c716ef45a6de,https://www.speedtest.net/result/c/8ed688c4-7c01-42b6-89db-c716ef45a6de,official
OLT Punto Rojo 1,2025-08-21T02:36:25.744611,18204,Telecable S.A.,Costa Rica,,speedtest.telecablecr.com,San JosÃ©,3.485,413.079384,444.80436,541073044,565434330,,,,,Telecable Economico,200.229.0.182,68c0c70e-36ad-43ef-bd00-9e1238ce218e,https://www.speedtest.net/result/c/68c0c70e-36ad-43ef-bd00-9e1238ce218e,official
OLT Punto Rojo 1,2025-08-21T02:37:00.512236,17639,Telecable S.A.,United States,,speedtestmiami.telecablecr.com,"Miami, FL",38.931,20.255264,415.539824,35463792,395385827,,,,,Telecable Economico,200.229.0.182,0923266c-6ac2-48df-9d8e-d5751ccb7f4a,https://www.speedtest.net/result/c/0923266c-6ac2-48df-9d8e-d5751ccb7f4a,official
OLT Punto Rojo 1,2025-08-21T02:42:31.235624,18204,Telecable S.A.,Costa Rica,,speedtest.telecablecr.com,San JosÃ©,3.526,411.662552,444.118888,540980060,511983890,,,,,Telecable Economico,200.229.0.182,24b137ac-8ffb-43ad-9b89-2b454abdfa50,https://www.speedtest.net/result/c/24b137ac-8ffb-43ad-9b89-2b454abdfa50,official
OLT Punto Rojo 1,2025-08-21T02:43:04.062223,17639,Telecable S.A.,United States,,speedtestmiami.telecablecr.com,"Miami, FL",38.965,23.04456,425.675712,31703636,456807342,,,,,Telecable Economico,200.229.0.182,10a87d61-c87b-468b-bce1-65f7336dce59,https://www.speedtest.net/result/c/10a87d61-c87b-468b-bce1-65f7336dce59,official
OLT Punto Rojo 1,2025-08-21T02:48:34.625375,18204,Telecable S.A.,Costa Rica,,speedtest.telecablecr.com,San JosÃ©,3.254,414.023488,443.701992,541098752,517604624,,,,,Telecable Economico,200.229.0.182,2be6a5e0-573d-4975-8971-26cd1559658f,https://www.speedtest.net/result/c/2be6a5e0-573d-4975-8971-26cd1559658f,official
OLT Punto Rojo 1,2025-08-21T02:49:07.591050,17639,Telecable S.A.,United States,,speedtestmiami.telecablecr.com,"Miami, FL",38.919,20.985112,423.289096,26604904,568733111,,,,,Telecable Economico,200.229.0.182,15124709-765f-408f-be57-676a087439f3,https://www.speedtest.net/result/c/15124709-765f-408f-be57-676a087439f3,official
OLT Punto Rojo 1,2025-08-21T02:54:39.047587,18204,Telecable S.A.,Costa Rica,,speedtest.telecablecr.com,San JosÃ©,3.447,414.696184,443.930632,563698688,528234387,,,,,Telecable Economico,200.229.0.182,ed1100f3-0932-4318-a019-cafa29dd6d31,https://www.speedtest.net/result/c/ed1100f3-0932-4318-a019-cafa29dd6d31,official
OLT Punto Rojo 1,2025-08-21T02:55:19.541538,17639,Telecable S.A.,United States,,speedtestmiami.telecablecr.com,"Miami, FL",39.025,22.032608,440.92464,37026876,734531596,,,,,Telecable Economico,200.229.0.182,0b6a3945-bdfb-4d3c-86fa-761d5d91e4e5,https://www.speedtest.net/result/c/0b6a3945-bdfb-4d3c-86fa-761d5d91e4e5,official
OLT Punto Rojo 1,2025-08-21T03:00:50.831063,18204,Telecable S.A.,Costa Rica,,speedtest.telecablecr.com,San JosÃ©,3.559,413.934192,446.143528,542995360,553683467,,,,,Telecable Economico,200.229.0.182,ccc50169-c950-49e7-b699-550949bf9bfc,https://www.speedtest.net/result/c/ccc50169-c950-49e7-b699-550949bf9bfc,official
OLT Punto Rojo 1,2025-08-21T03:01:19.876132,17639,Telecable S.A.,United States,,speedtestmiami.telecablecr.com,"Miami, FL",38.861,18.397408,417.28336,20913132,432131851,,,,,Telecable Economico,200.229.0.182,cc9b79ec-2f6a-4ff7-86be-ae71ebfeff85,https://www.speedtest.net/result/c/cc9b79ec-2f6a-4ff7-86be-ae71ebfeff85,official
OLT Punto Rojo 1,2025-08-21T03:06:50.885411,18204,Telecable S.A.,Costa Rica,,speedtest.telecablecr.com,San JosÃ©,3.123,413.684648,443.897464,547478752,523386751,,,,,Telecable Economico,200.229.0.182,3cc81790-8df8-4295-af08-a1a1b1cda40b,https://www.speedtest.net/result/c/3cc81790-8df8-4295-af08-a1a1b1cda40b,official
OLT Punto Rojo 1,2025-08-21T03:07:27.472516,17639,Telecable S.A.,United States,,speedtestmiami.telecablecr.com,"Miami, FL",38.8,14.965096,437.098264,25804300,608726338,,,,,Telecable Economico,200.229.0.182,263bf118-b23a-492b-a07a-e383998800f3,https://www.speedtest.net/result/c/263bf118-b23a-492b-a07a-e383998800f3,official
OLT Punto Rojo 1,2025-08-21T03:12:59.395307,18204,Telecable S.A.,Costa Rica,,speedtest.telecablecr.com,San JosÃ©,3.475,413.10512,443.250896,562521908,561186963,,,,,Telecable Economico,200.229.0.182,aada3e68-0cd0-487a-a1d5-510c4c056c85,https://www.speedtest.net/result/c/aada3e68-0cd0-487a-a1d5-510c4c056c85,official
OLT Punto Rojo 1,2025-08-21T03:13:32.436862,17639,Telecable S.A.,United States,,speedtestmiami.telecablecr.com,"Miami, FL",38.985,20.693984,422.628656,31045644,449008040,,,,,Telecable Economico,200.229.0.182,4afd9af5-e30b-4b59-96e5-97df801efb06,https://www.speedtest.net/result/c/4afd9af5-e30b-4b59-96e5-97df801efb06,official
OLT Punto Rojo 1,2025-08-21T03:19:04.099721,18204,Telecable S.A.,Costa Rica,,speedtest.telecablecr.com,San JosÃ©,3.385,414.326872,443.998048,559386392,554854262,,,,,Telecable Economico,200.229.0.182,e5f29a24-bd42-4e92-bd70-502c4e5748fc,https://www.speedtest.net/result/c/e5f29a24-bd42-4e92-bd70-502c4e5748fc,official
OLT Punto Rojo 1,2025-08-21T03:19:33.702954,17639,Telecable S.A.,United States,,speedtestmiami.telecablecr.com,"Miami, FL",38.958,18.69412,446.37748,16182932,603219687,,,,,Telecable Economico,200.229.0.182,5d1419b6-74a3-45a5-a9db-918512806080,https://www.speedtest.net/result/c/5d1419b6-74a3-45a5-a9db-918512806080,official
OLT Punto Rojo 1,2025-08-21T03:25:04.691262,18204,Telecable S.A.,Costa Rica,,speedtest.telecablecr.com,San JosÃ©,3.1,414.387016,443.791304,552892604,530019395,,,,,Telecable Economico,200.229.0.182,c8dd1772-854a-4277-9f62-76bf2af933e0,https://www.speedtest.net/result/c/c8dd1772-854a-4277-9f62-76bf2af933e0,official
OLT Punto Rojo 1,2025-08-21T03:25:36.678704,17639,Telecable S.A.,United States,,speedtestmiami.telecablecr.com,"Miami, FL",38.798,19.582944,418.613648,27669552,409547498,,,,,Telecable Economico,200.229.0.182,fd6ceb6d-8fbc-4e87-861f-373d19093c00,https://www.speedtest.net/result/c/fd6ceb6d-8fbc-4e87-861f-373d19093c00,official
OLT Punto Rojo 1,2025-08-21T03:31:08.220613,18204,Telecable S.A.,Costa Rica,,speedtest.telecablecr.com,San JosÃ©,3.458,415.333696,443.655976,548591032,547526636,,,,,Telecable Economico,200.229.0.182,edcc83da-585e-42bc-b5e8-67a7fd6feb70,https://www.speedtest.net/result/c/edcc83da-585e-42bc-b5e8-67a7fd6feb70,official
OLT Punto Rojo 1,2025-08-21T03:31:45.753297,17639,Telecable S.A.,United States,,speedtestmiami.telecablecr.com,"Miami, FL",38.985,22.485336,427.356472,41387132,566138801,,,,,Telecable Economico,200.229.0.182,17fb1ce0-9127-4efc-bede-37a743d51052,https://www.speedtest.net/result/c/17fb1ce0-9127-4efc-bede-37a743d51052,official
OLT Punto Rojo 1,2025-08-21T03:37:16.304970,18204,Telecable S.A.,Costa Rica,,speedtest.telecablecr.com,San JosÃ©,3.231,415.504456,444.304024,553346148,467913475,,,,,Telecable Economico,200.229.0.182,757eea70-adc3-4154-bfd7-524409f15620,https://www.speedtest.net/result/c/757eea70-adc3-4154-bfd7-524409f15620,official
OLT Punto Rojo 1,2025-08-21T03:37:50.552037,17639,Telecable S.A.,United States,,speedtestmiami.telecablecr.com,"Miami, FL",38.994,18.011024,404.233664,31607620,367244971,,,,,Telecable Economico,200.229.0.182,feba66dd-8e43-4a88-91d4-518d496482e5,https://www.speedtest.net/result/c/feba66dd-8e43-4a88-91d4-518d496482e5,official
OLT Punto Rojo 1,2025-08-21T03:43:21.476568,18204,Telecable S.A.,Costa Rica,,speedtest.telecablecr.com,San JosÃ©,3.518,414.960528,443.956072,554047084,504747474,,,,,Telecable Economico,200.229.0.182,318955ef-3e80-455b-a153-29b883f937be,https://www.speedtest.net/result/c/318955ef-3e80-455b-a153-29b883f937be,official
OLT Punto Rojo 1,2025-08-21T03:44:00.696684,17639,Telecable S.A.,United States,,speedtestmiami.telecablecr.com,"Miami, FL",38.933,17.722808,438.487952,32285380,646161895,,,,,Telecable Economico,200.229.0.182,55b75ee1-ad28-4610-9839-76bfc8d34d83,https://www.speedtest.net/result/c/55b75ee1-ad28-4610-9839-76bfc8d34d83,official
OLT Punto Rojo 1,2025-08-21T03:49:32.296722,18204,Telecable S.A.,Costa Rica,,speedtest.telecablecr.com,San JosÃ©,3.524,412.116824,444.9186,545874672,522228294,,,,,Telecable Economico,200.229.0.182,870840ed-4ba9-4b8b-87d5-5a85ea151262,https://www.speedtest.net/result/c/870840ed-4ba9-4b8b-87d5-5a85ea151262,official
OLT Punto Rojo 1,2025-08-21T03:50:10.860369,17639,Telecable S.A.,United States,,speedtestmiami.telecablecr.com,"Miami, FL",38.926,19.127232,445.01504,34980888,636247014,,,,,Telecable Economico,200.229.0.182,8471a4c5-3f74-4ccf-a327-e65518203599,https://www.speedtest.net/result/c/8471a4c5-3f74-4ccf-a327-e65518203599,official
OLT Punto Rojo 1,2025-08-21T03:55:43.136603,18204,Telecable S.A.,Costa Rica,,speedtest.telecablecr.com,San JosÃ©,3.472,414.502864,443.750048,553590924,548300205,,,,,Telecable Economico,200.229.0.182,5799662c-9cec-49f9-8201-1162f921e663,https://www.speedtest.net/result/c/5799662c-9cec-49f9-8201-1162f921e663,official
OLT Punto Rojo 1,2025-08-21T03:56:17.276208,17639,Telecable S.A.,United States,,speedtestmiami.telecablecr.com,"Miami, FL",38.965,16.81168,415.9804,27988664,404352617,,,,,Telecable Economico,200.229.0.182,da862855-f484-4e9a-9e73-9d57e4f0c7c8,https://www.speedtest.net/result/c/da862855-f484-4e9a-9e73-9d57e4f0c7c8,official
OLT Punto Rojo 1,2025-08-21T04:01:48.434868,18204,Telecable S.A.,Costa Rica,,speedtest.telecablecr.com,San JosÃ©,3.43,415.087944,443.34956,559570244,523822423,,,,,Telecable Economico,200.229.0.182,d4039d1a-b755-43ac-911f-63689f4b7bb3,https://www.speedtest.net/result/c/d4039d1a-b755-43ac-911f-63689f4b7bb3,official
OLT Punto Rojo 1,2025-08-21T04:02:19.353965,17639,Telecable S.A.,United States,,speedtestmiami.telecablecr.com,"Miami, FL",38.962,15.430824,450.69984,8162772,800668990,,,,,Telecable Economico,200.229.0.182,c160fa27-e762-4101-bb55-64bf24af3617,https://www.speedtest.net/result/c/c160fa27-e762-4101-bb55-64bf24af3617,official
OLT Punto Rojo 1,2025-08-21T04:07:50.864746,18204,Telecable S.A.,Costa Rica,,speedtest.telecablecr.com,San JosÃ©,3.465,415.411856,443.532432,559262928,529293846,,,,,Telecable Economico,200.229.0.182,62fe609e-3658-43d3-9871-8b75c14fc6ca,https://www.speedtest.net/result/c/62fe609e-3658-43d3-9871-8b75c14fc6ca,official
OLT Punto Rojo 1,2025-08-21T04:08:29.309174,17639,Telecable S.A.,United States,,speedtestmiami.telecablecr.com,"Miami, FL",39.059,17.62272,437.431312,29636468,607870014,,,,,Telecable Economico,200.229.0.182,3fbd5089-db00-4bba-a3ea-0178f88a8696,https://www.speedtest.net/result/c/3fbd5089-db00-4bba-a3ea-0178f88a8696,official
OLT Punto Rojo 1,2025-08-21T04:13:59.636137,18204,Telecable S.A.,Costa Rica,,speedtest.telecablecr.com,San JosÃ©,3.17,413.340608,443.3508,558778696,463109321,,,,,Telecable Economico,200.229.0.182,4645cd6f-0f1c-4d59-ae54-d37e92f681c8,https://www.speedtest.net/result/c/4645cd6f-0f1c-4d59-ae54-d37e92f681c8,official
OLT Punto Rojo 1,2025-08-21T04:14:38.871219,17639,Telecable S.A.,United States,,speedtestmiami.telecablecr.com,"Miami, FL",38.982,23.968104,439.987408,37704636,638594040,,,,,Telecable Economico,200.229.0.182,18ae52da-b04f-47ca-a561-0bd5b1bd9468,https://www.speedtest.net/result/c/18ae52da-b04f-47ca-a561-0bd5b1bd9468,official
OLT Punto Rojo 1,2025-08-21T04:20:09.905318,18204,Telecable S.A.,Costa Rica,,speedtest.telecablecr.com,San JosÃ©,3.268,413.914776,443.302408,553806460,505518385,,,,,Telecable Economico,200.229.0.182,5819d017-23da-4d3f-bf6e-96ec80d44d05,https://www.speedtest.net/result/c/5819d017-23da-4d3f-bf6e-96ec80d44d05,official
OLT Punto Rojo 1,2025-08-21T04:20:47.150595,17639,Telecable S.A.,United States,,speedtestmiami.telecablecr.com,"Miami, FL",38.885,44.437352,407.996368,91822360,502572734,,,,,Telecable Economico,200.229.0.182,c9c281ff-70f0-473f-8bf3-7fe0c32850fc,https://www.speedtest.net/result/c/c9c281ff-70f0-473f-8bf3-7fe0c32850fc,official
OLT Punto Rojo 1,2025-08-21T04:26:17.085299,18204,Telecable S.A.,Costa Rica,,speedtest.telecablecr.com,San JosÃ©,3.224,414.024352,443.92896,554707024,469531169,,,,,Telecable Economico,200.229.0.182,6905cfee-2e22-44c6-9e1a-cd309d14b6a9,https://www.speedtest.net/result/c/6905cfee-2e22-44c6-9e1a-cd309d14b6a9,official
OLT Punto Rojo 1,2025-08-21T04:26:45.326266,17639,Telecable S.A.,United States,,speedtestmiami.telecablecr.com,"Miami, FL",38.984,21.45444,440.861512,12350764,626232385,,,,,Telecable Economico,200.229.0.182,7d6cc561-d4f6-42ca-abf7-00ceedd09ba4,https://www.speedtest.net/result/c/7d6cc561-d4f6-42ca-abf7-00ceedd09ba4,official
OLT Punto Rojo 1,2025-08-21T04:32:16.636497,18204,Telecable S.A.,Costa Rica,,speedtest.telecablecr.com,San JosÃ©,3.524,414.497128,444.631296,548281560,554095966,,,,,Telecable Economico,200.229.0.182,bf84b89b-85df-4457-a679-c41b803a7814,https://www.speedtest.net/result/c/bf84b89b-85df-4457-a679-c41b803a7814,official
OLT Punto Rojo 1,2025-08-21T04:32:55.546896,17639,Telecable S.A.,United States,,speedtestmiami.telecablecr.com,"Miami, FL",38.957,19.147424,436.058776,33536412,634610095,,,,,Telecable Economico,200.229.0.182,3dd0f09a-20a8-4c01-88f3-b38e0e8ebbf8,https://www.speedtest.net/result/c/3dd0f09a-20a8-4c01-88f3-b38e0e8ebbf8,official
OLT Punto Rojo 1,2025-08-21T04:38:26.610177,18204,Telecable S.A.,Costa Rica,,speedtest.telecablecr.com,San JosÃ©,3.268,414.357912,443.588056,553008972,522393205,,,,,Telecable Economico,200.229.0.182,22342984-8808-45e5-ba3f-5fc4e1175fec,https://www.speedtest.net/result/c/22342984-8808-45e5-ba3f-5fc4e1175fec,official
OLT Punto Rojo 1,2025-08-21T04:39:03.840064,17639,Telecable S.A.,United States,,speedtestmiami.telecablecr.com,"Miami, FL",38.947,21.333264,399.971152,34510984,485682942,,,,,Telecable Economico,200.229.0.182,4867883a-6613-4106-a1c3-dd4944c910c9,https://www.speedtest.net/result/c/4867883a-6613-4106-a1c3-dd4944c910c9,official
OLT Punto Rojo 1,2025-08-21T04:44:34.859699,18204,Telecable S.A.,Costa Rica,,speedtest.telecablecr.com,San JosÃ©,3.247,411.897872,443.655728,529415572,547217306,,,,,Telecable Economico,200.229.0.182,b3a7e321-8a3f-4e52-846c-0360d25b8276,https://www.speedtest.net/result/c/b3a7e321-8a3f-4e52-846c-0360d25b8276,official
OLT Punto Rojo 1,2025-08-21T04:45:07.264794,17639,Telecable S.A.,United States,,speedtestmiami.telecablecr.com,"Miami, FL",38.893,19.485928,436.54188,22141572,587173230,,,,,Telecable Economico,200.229.0.182,57550c90-e5c0-480d-bdc3-e3568c2d3728,https://www.speedtest.net/result/c/57550c90-e5c0-480d-bdc3-e3568c2d3728,official
OLT Punto Rojo 1,2025-08-21T04:50:38.663712,18204,Telecable S.A.,Costa Rica,,speedtest.telecablecr.com,San JosÃ©,3.268,414.986368,443.697776,554427740,548453065,,,,,Telecable Economico,200.229.0.182,f1dc86e4-1288-4e15-b241-aa254ee179d8,https://www.speedtest.net/result/c/f1dc86e4-1288-4e15-b241-aa254ee179d8,official
OLT Punto Rojo 1,2025-08-21T04:51:17.283571,17639,Telecable S.A.,United States,,speedtestmiami.telecablecr.com,"Miami, FL",38.823,24.148304,434.622144,40068324,590500506,,,,,Telecable Economico,200.229.0.182,65871f4f-05e8-4fc2-a5a3-85d820a62cd7,https://www.speedtest.net/result/c/65871f4f-05e8-4fc2-a5a3-85d820a62cd7,official
OLT Punto Rojo 1,2025-08-21T04:56:47.708809,18204,Telecable S.A.,Costa Rica,,speedtest.telecablecr.com,San JosÃ©,3.226,413.645512,442.54724,557531024,486986906,,,,,Telecable Economico,200.229.0.182,15f3a435-dc29-41b2-b201-477b7a6f5cfe,https://www.speedtest.net/result/c/15f3a435-dc29-41b2-b201-477b7a6f5cfe,official
OLT Punto Rojo 1,2025-08-21T04:57:26.382060,17639,Telecable S.A.,United States,,speedtestmiami.telecablecr.com,"Miami, FL",38.996,20.664488,440.357784,36501612,620723920,,,,,Telecable Economico,200.229.0.182,9d5c2340-dee7-436e-bc94-773d4cf16384,https://www.speedtest.net/result/c/9d5c2340-dee7-436e-bc94-773d4cf16384,official
OLT Punto Rojo 1,2025-08-21T05:02:57.475335,18204,Telecable S.A.,Costa Rica,,speedtest.telecablecr.com,San JosÃ©,3.207,414.386104,443.921568,564227520,511882245,,,,,Telecable Economico,200.229.0.182,162a9354-8558-4f80-b862-2794a2782edc,https://www.speedtest.net/result/c/162a9354-8558-4f80-b862-2794a2782edc,official
OLT Punto Rojo 1,2025-08-21T05:03:31.650951,17639,Telecable S.A.,United States,,speedtestmiami.telecablecr.com,"Miami, FL",38.837,23.640192,402.180168,41262876,363728633,,,,,Telecable Economico,200.229.0.182,5f31f223-cfac-431c-93d6-588c711aab47,https://www.speedtest.net/result/c/5f31f223-cfac-431c-93d6-588c711aab47,official
OLT Punto Rojo 1,2025-08-21T05:09:02.601594,18204,Telecable S.A.,Costa Rica,,speedtest.telecablecr.com,San JosÃ©,3.47,414.068824,444.330632,547847267,516622484,,,,,Telecable Economico,200.229.0.182,c5526f4e-40ed-4f7c-aeea-da29c6def1bc,https://www.speedtest.net/result/c/c5526f4e-40ed-4f7c-aeea-da29c6def1bc,official
OLT Punto Rojo 1,2025-08-21T05:09:37.068063,17639,Telecable S.A.,United States,,speedtestmiami.telecablecr.com,"Miami, FL",38.91,19.543584,427.443264,29090024,472479486,,,,,Telecable Economico,200.229.0.182,3454c62b-e5ce-4402-b897-c371be8cebd5,https://www.speedtest.net/result/c/3454c62b-e5ce-4402-b897-c371be8cebd5,official
OLT Punto Rojo 1,2025-08-21T05:15:07.805165,18204,Telecable S.A.,Costa Rica,,speedtest.telecablecr.com,San JosÃ©,3.489,414.654624,443.946296,554595768,499852975,,,,,Telecable Economico,200.229.0.182,75aca78e-5d63-4b3e-85ce-e9368849f472,https://www.speedtest.net/result/c/75aca78e-5d63-4b3e-85ce-e9368849f472,official
OLT Punto Rojo 1,2025-08-21T05:15:42.661002,17639,Telecable S.A.,United States,,speedtestmiami.telecablecr.com,"Miami, FL",38.769,18.450536,424.29492,32261376,427476411,,,,,Telecable Economico,200.229.0.182,9f764a57-9333-4244-b68f-c8a5614ab529,https://www.speedtest.net/result/c/9f764a57-9333-4244-b68f-c8a5614ab529,official
OLT Punto Rojo 1,2025-08-21T05:21:14.656502,18204,Telecable S.A.,Costa Rica,,speedtest.telecablecr.com,San JosÃ©,3.492,414.940176,444.128824,549609752,561220290,,,,,Telecable Economico,200.229.0.182,a2315ce9-c055-47cb-96a3-8394c2c9e0f9,https://www.speedtest.net/result/c/a2315ce9-c055-47cb-96a3-8394c2c9e0f9,official
OLT Punto Rojo 1,2025-08-21T05:21:50.853339,17639,Telecable S.A.,United States,,speedtestmiami.telecablecr.com,"Miami, FL",38.783,18.799848,438.688576,20920192,737079236,,,,,Telecable Economico,200.229.0.182,e6cf07c2-91ff-4c11-99ae-f69bb8f176aa,https://www.speedtest.net/result/c/e6cf07c2-91ff-4c11-99ae-f69bb8f176aa,official
OLT Punto Rojo 1,2025-08-21T05:27:20.755392,18204,Telecable S.A.,Costa Rica,,speedtest.telecablecr.com,San JosÃ©,3.405,414.017624,443.249816,549196572,468982867,,,,,Telecable Economico,200.229.0.182,c169d340-136c-42d9-a916-6f6ee74843c5,https://www.speedtest.net/result/c/c169d340-136c-42d9-a916-6f6ee74843c5,official
OLT Punto Rojo 1,2025-08-21T05:27:49.608221,17639,Telecable S.A.,United States,,speedtestmiami.telecablecr.com,"Miami, FL",38.917,20.6282,441.369992,17795436,558380218,,,,,Telecable Economico,200.229.0.182,c5925180-15cc-4bd5-84c7-11bb62d1b755,https://www.speedtest.net/result/c/c5925180-15cc-4bd5-84c7-11bb62d1b755,official
OLT Punto Rojo 1,2025-08-21T05:33:20.670288,18204,Telecable S.A.,Costa Rica,,speedtest.telecablecr.com,San JosÃ©,3.482,412.734664,442.958912,552229256,547964871,,,,,Telecable Economico,200.229.0.182,ad1a224b-8335-4d3a-8d47-0ebdede93e8b,https://www.speedtest.net/result/c/ad1a224b-8335-4d3a-8d47-0ebdede93e8b,official
OLT Punto Rojo 1,2025-08-21T05:33:55.522322,17639,Telecable S.A.,United States,,speedtestmiami.telecablecr.com,"Miami, FL",39.063,21.50052,420.559352,39046036,389767989,,,,,Telecable Economico,200.229.0.182,157486a5-dad3-4c4b-bd0e-482f29eaea61,https://www.speedtest.net/result/c/157486a5-dad3-4c4b-bd0e-482f29eaea61,official
OLT Punto Rojo 1,2025-08-21T05:39:26.001002,18204,Telecable S.A.,Costa Rica,,speedtest.telecablecr.com,San JosÃ©,3.424,412.678536,443.727048,540944552,523670969,,,,,Telecable Economico,200.229.0.182,a8ca6cfe-85f8-4fe0-8e07-13474c038a76,https://www.speedtest.net/result/c/a8ca6cfe-85f8-4fe0-8e07-13474c038a76,official
OLT Punto Rojo 1,2025-08-21T05:40:04.834144,17639,Telecable S.A.,United States,,speedtestmiami.telecablecr.com,"Miami, FL",39.036,19.485408,442.206296,33803280,642559865,,,,,Telecable Economico,200.229.0.182,118b9abe-ce3c-4f58-a891-910781edfe36,https://www.speedtest.net/result/c/118b9abe-ce3c-4f58-a891-910781edfe36,official
OLT Punto Rojo 1,2025-08-21T05:45:36.102851,18204,Telecable S.A.,Costa Rica,,speedtest.telecablecr.com,San JosÃ©,3.036,415.516944,443.600192,542915084,554403898,,,,,Telecable Economico,200.229.0.182,ffaab465-62a7-4d5b-bd6c-1caba9073c55,https://www.speedtest.net/result/c/ffaab465-62a7-4d5b-bd6c-1caba9073c55,official
OLT Punto Rojo 1,2025-08-21T05:46:18.795238,17639,Telecable S.A.,United States,,speedtestmiami.telecablecr.com,"Miami, FL",39.028,20.163256,444.820064,35915632,800068292,,,,,Telecable Economico,200.229.0.182,a21ca808-6b81-4671-8b61-1c9eea461027,https://www.speedtest.net/result/c/a21ca808-6b81-4671-8b61-1c9eea461027,official
OLT Punto Rojo 1,2025-08-21T05:51:50.740766,18204,Telecable S.A.,Costa Rica,,speedtest.telecablecr.com,San JosÃ©,3.291,415.209464,444.353088,570473708,554364983,,,,,Telecable Economico,200.229.0.182,c7df55c7-7752-4b0e-9d49-e56da569d6aa,https://www.speedtest.net/result/c/c7df55c7-7752-4b0e-9d49-e56da569d6aa,official
OLT Punto Rojo 1,2025-08-21T05:52:28.807516,17639,Telecable S.A.,United States,,speedtestmiami.telecablecr.com,"Miami, FL",38.93,24.740928,438.977888,43140836,590401996,,,,,Telecable Economico,200.229.0.182,e5501746-3bb8-492a-9fba-079435b3ef38,https://www.speedtest.net/result/c/e5501746-3bb8-492a-9fba-079435b3ef38,official
OLT Punto Rojo 1,2025-08-21T05:57:59.309465,18204,Telecable S.A.,Costa Rica,,speedtest.telecablecr.com,San JosÃ©,3.266,411.38688,442.60144,569800768,468664402,,,,,Telecable Economico,200.229.0.182,f0cd2d48-60a8-4508-8c3d-d9df9c5a375b,https://www.speedtest.net/result/c/f0cd2d48-60a8-4508-8c3d-d9df9c5a375b,official
OLT Punto Rojo 1,2025-08-21T05:58:33.660561,17639,Telecable S.A.,United States,,speedtestmiami.telecablecr.com,"Miami, FL",38.745,23.949616,414.853024,38436052,382723291,,,,,Telecable Economico,200.229.0.182,08808ddb-a231-4f6c-a9cf-e678478f7f92,https://www.speedtest.net/result/c/08808ddb-a231-4f6c-a9cf-e678478f7f92,official
OLT Punto Rojo 1,2025-08-21T06:04:05.356464,18204,Telecable S.A.,Costa Rica,,speedtest.telecablecr.com,San JosÃ©,3.211,414.698864,443.809048,548957360,566212206,,,,,Telecable Economico,200.229.0.182,8864e531-2020-4654-bc4f-e9bb20fdda8b,https://www.speedtest.net/result/c/8864e531-2020-4654-bc4f-e9bb20fdda8b,official
OLT Punto Rojo 1,2025-08-21T06:04:34.963127,17639,Telecable S.A.,United States,,speedtestmiami.telecablecr.com,"Miami, FL",38.957,15.856264,430.087224,15653432,512753615,,,,,Telecable Economico,200.229.0.182,f1e0292a-5940-4ab5-a897-4c4f609c54a0,https://www.speedtest.net/result/c/f1e0292a-5940-4ab5-a897-4c4f609c54a0,official
OLT Punto Rojo 1,2025-08-21T06:10:05.967452,18204,Telecable S.A.,Costa Rica,,speedtest.telecablecr.com,San JosÃ©,3.321,413.937624,443.40972,548174284,523379260,,,,,Telecable Economico,200.229.0.182,808b1820-d0e1-4635-a103-938dcc491a0c,https://www.speedtest.net/result/c/808b1820-d0e1-4635-a103-938dcc491a0c,official
OLT Punto Rojo 1,2025-08-21T06:10:44.741481,17639,Telecable S.A.,United States,,speedtestmiami.telecablecr.com,"Miami, FL",38.951,23.386176,440.776736,40117744,635311005,,,,,Telecable Economico,200.229.0.182,a3ad7286-fedb-4c91-83ee-41bc3a23d44c,https://www.speedtest.net/result/c/a3ad7286-fedb-4c91-83ee-41bc3a23d44c,official
OLT Punto Rojo 1,2025-08-21T06:16:15.209455,18204,Telecable S.A.,Costa Rica,,speedtest.telecablecr.com,San JosÃ©,3.46,414.18196,443.501344,544232808,516271960,,,,,Telecable Economico,200.229.0.182,bc20e2f7-11fc-4965-beff-1905d92e4044,https://www.speedtest.net/result/c/bc20e2f7-11fc-4965-beff-1905d92e4044,official
OLT Punto Rojo 1,2025-08-21T06:16:51.175639,17639,Telecable S.A.,United States,,speedtestmiami.telecablecr.com,"Miami, FL",39.016,19.237768,438.57464,27892648,630026571,,,,,Telecable Economico,200.229.0.182,80067c92-c4bd-4b9f-ba25-d17d65542187,https://www.speedtest.net/result/c/80067c92-c4bd-4b9f-ba25-d17d65542187,official
OLT Punto Rojo 1,2025-08-21T06:22:22.171431,18204,Telecable S.A.,Costa Rica,,speedtest.telecablecr.com,San JosÃ©,3.471,414.290208,443.67948,558585496,524069922,,,,,Telecable Economico,200.229.0.182,decc431e-59a9-4f0c-8b1d-42cf80537e59,https://www.speedtest.net/result/c/decc431e-59a9-4f0c-8b1d-42cf80537e59,official
OLT Punto Rojo 1,2025-08-21T06:23:02.567467,17639,Telecable S.A.,United States,,speedtestmiami.telecablecr.com,"Miami, FL",39.094,20.163408,442.836904,31750232,778510841,,,,,Telecable Economico,200.229.0.182,1a2bdc74-5e0e-4d14-9b37-963806c5de94,https://www.speedtest.net/result/c/1a2bdc74-5e0e-4d14-9b37-963806c5de94,official
OLT Punto Rojo 1,2025-08-21T06:28:33.653113,18204,Telecable S.A.,Costa Rica,,speedtest.telecablecr.com,San JosÃ©,3.242,413.35068,445.794272,551904788,528654231,,,,,Telecable Economico,200.229.0.182,02aca241-9a43-4f5a-84df-54102122d1a1,https://www.speedtest.net/result/c/02aca241-9a43-4f5a-84df-54102122d1a1,official
OLT Punto Rojo 1,2025-08-21T06:29:09.978949,17639,Telecable S.A.,United States,,speedtestmiami.telecablecr.com,"Miami, FL",38.843,18.795848,442.870432,22312424,793563714,,,,,Telecable Economico,200.229.0.182,2b665ae9-dd31-4d3a-8b77-aea5479f33b7,https://www.speedtest.net/result/c/2b665ae9-dd31-4d3a-8b77-aea5479f33b7,official
OLT Punto Rojo 1,2025-08-21T06:34:39.930164,18204,Telecable S.A.,Costa Rica,,speedtest.telecablecr.com,San JosÃ©,3.257,411.158872,442.97084,509208732,486125739,,,,,Telecable Economico,200.229.0.182,9d5d021c-3f91-46dc-b394-68c4cf379321,https://www.speedtest.net/result/c/9d5d021c-3f91-46dc-b394-68c4cf379321,official
OLT Punto Rojo 1,2025-08-21T06:35:19.814479,17639,Telecable S.A.,United States,,speedtestmiami.telecablecr.com,"Miami, FL",38.725,20.919808,446.613832,31507660,795726190,,,,,Telecable Economico,200.229.0.182,d1b0cc65-be41-44f1-9982-53ef908912fc,https://www.speedtest.net/result/c/d1b0cc65-be41-44f1-9982-53ef908912fc,official
OLT Punto Rojo 1,2025-08-21T06:40:50.425705,18204,Telecable S.A.,Costa Rica,,speedtest.telecablecr.com,San JosÃ©,2.932,414.623848,444.047384,558749580,497939674,,,,,Telecable Economico,200.229.0.182,1bd5408b-c4ec-4160-bb12-61d33d15af25,https://www.speedtest.net/result/c/1bd5408b-c4ec-4160-bb12-61d33d15af25,official
OLT Punto Rojo 1,2025-08-21T06:41:31.497839,17639,Telecable S.A.,United States,,speedtestmiami.telecablecr.com,"Miami, FL",38.733,25.08572,434.904824,42546384,739288707,,,,,Telecable Economico,200.229.0.182,4ba398ee-45a3-4c74-a52c-a2cb99e26c26,https://www.speedtest.net/result/c/4ba398ee-45a3-4c74-a52c-a2cb99e26c26,official
OLT Punto Rojo 1,2025-08-21T06:47:02.398034,18204,Telecable S.A.,Costa Rica,,speedtest.telecablecr.com,San JosÃ©,3.121,413.921344,444.038832,547136172,516469529,,,,,Telecable Economico,200.229.0.182,776c7e24-6c43-4ced-aef6-fc0a976c10e4,https://www.speedtest.net/result/c/776c7e24-6c43-4ced-aef6-fc0a976c10e4,official
OLT Punto Rojo 1,2025-08-21T06:47:33.076550,17639,Telecable S.A.,United States,,speedtestmiami.telecablecr.com,"Miami, FL",38.988,17.412736,415.113512,21845052,393339713,,,,,Telecable Economico,200.229.0.182,465ccc8e-2ac2-4dfd-8bb6-72e71ec710dc,https://www.speedtest.net/result/c/465ccc8e-2ac2-4dfd-8bb6-72e71ec710dc,official
OLT Punto Rojo 1,2025-08-21T06:53:04.623616,18204,Telecable S.A.,Costa Rica,,speedtest.telecablecr.com,San JosÃ©,3.327,414.085248,443.932232,547717624,548099689,,,,,Telecable Economico,200.229.0.182,ebd48e90-d3af-421f-8114-3f609bc33ab7,https://www.speedtest.net/result/c/ebd48e90-d3af-421f-8114-3f609bc33ab7,official
OLT Punto Rojo 1,2025-08-21T06:53:45.358322,17639,Telecable S.A.,United States,,speedtestmiami.telecablecr.com,"Miami, FL",38.471,17.953896,440.949864,30489316,741743935,,,,,Telecable Economico,200.229.0.182,21cff83c-0ddd-46f9-9c5b-40d59b81f929,https://www.speedtest.net/result/c/21cff83c-0ddd-46f9-9c5b-40d59b81f929,official
OLT Punto Rojo 1,2025-08-21T06:59:16.286947,18204,Telecable S.A.,Costa Rica,,speedtest.telecablecr.com,San JosÃ©,3.302,416.657456,443.430464,562221068,516226844,,,,,Telecable Economico,200.229.0.182,e277faa0-d976-471e-9908-fb7008fecf03,https://www.speedtest.net/result/c/e277faa0-d976-471e-9908-fb7008fecf03,official
OLT Punto Rojo 1,2025-08-21T06:59:50.016188,17639,Telecable S.A.,United States,,speedtestmiami.telecablecr.com,"Miami, FL",39.027,22.348848,430.709616,31409940,506569019,,,,,Telecable Economico,200.229.0.182,ee1fc1c9-222a-4378-9f3d-f16c41aced09,https://www.speedtest.net/result/c/ee1fc1c9-222a-4378-9f3d-f16c41aced09,official
OLT Punto Rojo 1,2025-08-21T07:05:20.972809,18204,Telecable S.A.,Costa Rica,,speedtest.telecablecr.com,San JosÃ©,3.231,414.221776,444.139984,559200592,528030691,,,,,Telecable Economico,200.229.0.182,d5409929-574e-4594-a3af-106b978283e8,https://www.speedtest.net/result/c/d5409929-574e-4594-a3af-106b978283e8,official
OLT Punto Rojo 1,2025-08-21T07:06:00.599206,17639,Telecable S.A.,United States,,speedtestmiami.telecablecr.com,"Miami, FL",38.991,20.044144,439.118888,34125216,671427936,,,,,Telecable Economico,200.229.0.182,e4a02d64-1ce1-44e4-bd82-c2b83a4f9b6c,https://www.speedtest.net/result/c/e4a02d64-1ce1-44e4-bd82-c2b83a4f9b6c,official
OLT Punto Rojo 1,2025-08-21T07:11:32.011459,18204,Telecable S.A.,Costa Rica,,speedtest.telecablecr.com,San JosÃ©,3.272,412.618512,444.304376,541582776,554999098,,,,,Telecable Economico,200.229.0.182,8ff6154e-2edc-4ce0-b3fb-8bcc3f3afed9,https://www.speedtest.net/result/c/8ff6154e-2edc-4ce0-b3fb-8bcc3f3afed9,official
OLT Punto Rojo 1,2025-08-21T07:12:07.161937,17639,Telecable S.A.,United States,,speedtestmiami.telecablecr.com,"Miami, FL",39.024,21.851176,419.140552,32504240,584767574,,,,,Telecable Economico,200.229.0.182,519883f0-f57e-40aa-b773-7301b1cc9b1a,https://www.speedtest.net/result/c/519883f0-f57e-40aa-b773-7301b1cc9b1a,official
OLT Punto Rojo 1,2025-08-21T07:17:38.247291,18204,Telecable S.A.,Costa Rica,,speedtest.telecablecr.com,San JosÃ©,3.204,415.287744,443.395744,551705696,522924264,,,,,Telecable Economico,200.229.0.182,8aefc7c3-8795-4e2a-a6cc-d3ce4ec3a43c,https://www.speedtest.net/result/c/8aefc7c3-8795-4e2a-a6cc-d3ce4ec3a43c,official
OLT Punto Rojo 1,2025-08-21T07:18:10.546648,17639,Telecable S.A.,United States,,speedtestmiami.telecablecr.com,"Miami, FL",38.829,21.059136,448.639736,14434876,800316047,,,,,Telecable Economico,200.229.0.182,0b818345-9532-41d5-96ce-dcd7ea58a402,https://www.speedtest.net/result/c/0b818345-9532-41d5-96ce-dcd7ea58a402,official
OLT Punto Rojo 1,2025-08-21T07:23:42.818464,18204,Telecable S.A.,Costa Rica,,speedtest.telecablecr.com,San JosÃ©,3.444,415.089208,443.900848,554102152,566340054,,,,,Telecable Economico,200.229.0.182,1d2294ad-c3d1-4a9d-bbfd-c9951802b1a2,https://www.speedtest.net/result/c/1d2294ad-c3d1-4a9d-bbfd-c9951802b1a2,official
OLT Punto Rojo 1,2025-08-21T07:24:10.804630,17639,Telecable S.A.,United States,,speedtestmiami.telecablecr.com,"Miami, FL",38.917,16.087032,424.055456,16240824,412034301,,,,,Telecable Economico,200.229.0.182,7b9f2b02-7df0-4311-a155-a6d6da801650,https://www.speedtest.net/result/c/7b9f2b02-7df0-4311-a155-a6d6da801650,official
OLT Punto Rojo 1,2025-08-21T07:29:42.599136,18204,Telecable S.A.,Costa Rica,,speedtest.telecablecr.com,San JosÃ©,3.445,414.355384,444.088624,553464464,547628817,,,,,Telecable Economico,200.229.0.182,52bda348-f9d0-4d89-a281-bee170b988c7,https://www.speedtest.net/result/c/52bda348-f9d0-4d89-a281-bee170b988c7,official
OLT Punto Rojo 1,2025-08-21T07:30:09.846456,17639,Telecable S.A.,United States,,speedtestmiami.telecablecr.com,"Miami, FL",38.801,16.336496,425.91496,15472696,405392401,,,,,Telecable Economico,200.229.0.182,2dd34339-ab27-4ead-9954-6eeddcb05593,https://www.speedtest.net/result/c/2dd34339-ab27-4ead-9954-6eeddcb05593,official
OLT Punto Rojo 1,2025-08-21T07:35:41.181616,18204,Telecable S.A.,Costa Rica,,speedtest.telecablecr.com,San JosÃ©,3.214,415.230296,444.143248,545475076,560344733,,,,,Telecable Economico,200.229.0.182,3b739100-3be2-4e57-8aca-5002ec967c6d,https://www.speedtest.net/result/c/3b739100-3be2-4e57-8aca-5002ec967c6d,official
OLT Punto Rojo 1,2025-08-21T07:36:17.575719,17639,Telecable S.A.,United States,,speedtestmiami.telecablecr.com,"Miami, FL",38.956,20.010592,445.226072,24782012,778060001,,,,,Telecable Economico,200.229.0.182,d35df931-8ca9-4d96-916f-c93f28f0473a,https://www.speedtest.net/result/c/d35df931-8ca9-4d96-916f-c93f28f0473a,official
OLT Punto Rojo 1,2025-08-21T07:41:48.285276,18204,Telecable S.A.,Costa Rica,,speedtest.telecablecr.com,San JosÃ©,3.36,414.406656,443.8526,553799984,511339685,,,,,Telecable Economico,200.229.0.182,96319c1e-5492-496d-a071-76e6fb766e77,https://www.speedtest.net/result/c/96319c1e-5492-496d-a071-76e6fb766e77,official
OLT Punto Rojo 1,2025-08-21T07:42:21.275808,17639,Telecable S.A.,United States,,speedtestmiami.telecablecr.com,"Miami, FL",39.044,14.219808,437.88132,18252924,588999643,,,,,Telecable Economico,200.229.0.182,bdc13f87-b1ff-45f7-8eb7-bd5fb3f97dd2,https://www.speedtest.net/result/c/bdc13f87-b1ff-45f7-8eb7-bd5fb3f97dd2,official
OLT Punto Rojo 1,2025-08-21T07:47:52.006129,18204,Telecable S.A.,Costa Rica,,speedtest.telecablecr.com,San JosÃ©,3.237,413.602576,444.071808,553425220,512358267,,,,,Telecable Economico,200.229.0.182,92df26f3-28f5-44b2-baa7-bd89cbd65319,https://www.speedtest.net/result/c/92df26f3-28f5-44b2-baa7-bd89cbd65319,official
OLT Punto Rojo 1,2025-08-21T07:48:27.445525,17639,Telecable S.A.,United States,,speedtestmiami.telecablecr.com,"Miami, FL",38.987,17.947656,445.654032,19245560,793097571,,,,,Telecable Economico,200.229.0.182,6960e9f4-604e-4159-b7a8-d896742a681e,https://www.speedtest.net/result/c/6960e9f4-604e-4159-b7a8-d896742a681e,official
OLT Punto Rojo 1,2025-08-21T07:53:59.381426,18204,Telecable S.A.,Costa Rica,,speedtest.telecablecr.com,San JosÃ©,3.209,414.485392,443.37444,548381556,566648742,,,,,Telecable Economico,200.229.0.182,36b3c894-7556-421d-98a6-5f5a19d806a7,https://www.speedtest.net/result/c/36b3c894-7556-421d-98a6-5f5a19d806a7,official
OLT Punto Rojo 1,2025-08-21T07:54:34.375686,17639,Telecable S.A.,United States,,speedtestmiami.telecablecr.com,"Miami, FL",38.867,19.423112,436.89256,26206720,603724491,,,,,Telecable Economico,200.229.0.182,f899023b-ba58-4ff1-b3be-a04b934d21f3,https://www.speedtest.net/result/c/f899023b-ba58-4ff1-b3be-a04b934d21f3,official
OLT Punto Rojo 1,2025-08-21T08:00:06.296245,18204,Telecable S.A.,Costa Rica,,speedtest.telecablecr.com,San JosÃ©,3.247,413.559632,443.69468,537101074,572865764,,,,,Telecable Economico,200.229.0.182,75309b57-da6e-46f2-84c1-67ec2310f680,https://www.speedtest.net/result/c/75309b57-da6e-46f2-84c1-67ec2310f680,official
OLT Punto Rojo 1,2025-08-21T08:00:41.402273,17639,Telecable S.A.,United States,,speedtestmiami.telecablecr.com,"Miami, FL",38.665,20.071728,422.314736,35919868,431103012,,,,,Telecable Economico,200.229.0.182,e01f7bd6-2087-4138-979d-f669594ad2d2,https://www.speedtest.net/result/c/e01f7bd6-2087-4138-979d-f669594ad2d2,official
OLT Punto Rojo 1,2025-08-21T08:06:11.809120,18204,Telecable S.A.,Costa Rica,,speedtest.telecablecr.com,San JosÃ©,2.971,414.334208,443.469768,547973196,497869597,,,,,Telecable Economico,200.229.0.182,c9e57c64-ed8a-48ec-9001-96ff23178fd0,https://www.speedtest.net/result/c/c9e57c64-ed8a-48ec-9001-96ff23178fd0,official
OLT Punto Rojo 1,2025-08-21T08:06:51.736365,17639,Telecable S.A.,United States,,speedtestmiami.telecablecr.com,"Miami, FL",38.933,24.73064,436.322184,41285468,702875162,,,,,Telecable Economico,200.229.0.182,d0ef512c-1154-4e7c-b46e-5f2aee43e7b6,https://www.speedtest.net/result/c/d0ef512c-1154-4e7c-b46e-5f2aee43e7b6,official
OLT Punto Rojo 1,2025-08-21T08:12:22.965292,18204,Telecable S.A.,Costa Rica,,speedtest.telecablecr.com,San JosÃ©,3.332,413.987416,443.624592,542285952,559727888,,,,,Telecable Economico,200.229.0.182,b8784868-708f-47d9-8a9b-6a2196846936,https://www.speedtest.net/result/c/b8784868-708f-47d9-8a9b-6a2196846936,official
OLT Punto Rojo 1,2025-08-21T08:12:45.719412,17639,Telecable S.A.,United States,,speedtestmiami.telecablecr.com,"Miami, FL",38.819,18.780368,415.505824,10688840,340015333,,,,,Telecable Economico,200.229.0.182,151e8bc0-a129-4086-bfd7-ff355307334d,https://www.speedtest.net/result/c/151e8bc0-a129-4086-bfd7-ff355307334d,official
OLT Punto Rojo 1,2025-08-21T08:18:16.500593,18204,Telecable S.A.,Costa Rica,,speedtest.telecablecr.com,San JosÃ©,3.364,413.020712,443.622224,537100796,522752935,,,,,Telecable Economico,200.229.0.182,686478a6-7b51-4410-86ef-8c90f2147ce9,https://www.speedtest.net/result/c/686478a6-7b51-4410-86ef-8c90f2147ce9,official
OLT Punto Rojo 1,2025-08-21T08:18:56.856989,17639,Telecable S.A.,United States,,speedtestmiami.telecablecr.com,"Miami, FL",39.011,21.856872,383.523824,35842208,595289153,,,,,Telecable Economico,200.229.0.182,40c2a8f5-5e79-42ed-92ff-08f41e91a64f,https://www.speedtest.net/result/c/40c2a8f5-5e79-42ed-92ff-08f41e91a64f,official
OLT Punto Rojo 1,2025-08-21T08:24:27.817145,18204,Telecable S.A.,Costa Rica,,speedtest.telecablecr.com,San JosÃ©,3.361,415.241664,443.791184,549241464,504748695,,,,,Telecable Economico,200.229.0.182,fc2e4025-90bb-4e4b-85a7-1af052483c2f,https://www.speedtest.net/result/c/fc2e4025-90bb-4e4b-85a7-1af052483c2f,official
OLT Punto Rojo 1,2025-08-21T08:25:07.959572,17639,Telecable S.A.,United States,,speedtestmiami.telecablecr.com,"Miami, FL",38.995,21.470304,425.36036,38231312,665998328,,,,,Telecable Economico,200.229.0.182,17910440-758b-4893-8e40-b4dba8aa172b,https://www.speedtest.net/result/c/17910440-758b-4893-8e40-b4dba8aa172b,official
OLT Punto Rojo 1,2025-08-21T08:30:39.232653,18204,Telecable S.A.,Costa Rica,,speedtest.telecablecr.com,San JosÃ©,3.245,414.850592,443.82364,569743412,523493377,,,,,Telecable Economico,200.229.0.182,ebf2fc03-a3b7-4f86-a1dc-478c78da3df7,https://www.speedtest.net/result/c/ebf2fc03-a3b7-4f86-a1dc-478c78da3df7,official
OLT Punto Rojo 1,2025-08-21T08:31:09.495185,17639,Telecable S.A.,United States,,speedtestmiami.telecablecr.com,"Miami, FL",38.966,19.468944,435.491312,27341968,397701955,,,,,Telecable Economico,200.229.0.182,9e247c27-552a-41ab-be0f-2c74e4103d36,https://www.speedtest.net/result/c/9e247c27-552a-41ab-be0f-2c74e4103d36,official
OLT Punto Rojo 1,2025-08-21T08:36:40.432074,18204,Telecable S.A.,Costa Rica,,speedtest.telecablecr.com,San JosÃ©,3.217,415.291888,443.472952,560878048,517557850,,,,,Telecable Economico,200.229.0.182,ab227da8-0f6b-41ac-8b1d-807099b21e8c,https://www.speedtest.net/result/c/ab227da8-0f6b-41ac-8b1d-807099b21e8c,official
OLT Punto Rojo 1,2025-08-21T08:37:16.189387,17639,Telecable S.A.,United States,,speedtestmiami.telecablecr.com,"Miami, FL",38.979,24.258016,397.767384,41625760,437319455,,,,,Telecable Economico,200.229.0.182,b1add637-dcc5-45af-9ffe-f4931bc63e60,https://www.speedtest.net/result/c/b1add637-dcc5-45af-9ffe-f4931bc63e60,official
OLT Punto Rojo 1,2025-08-21T08:42:47.442638,18204,Telecable S.A.,Costa Rica,,speedtest.telecablecr.com,San JosÃ©,3.029,415.25132,443.193224,539590152,548991862,,,,,Telecable Economico,200.229.0.182,1492f1ea-3ce8-4d12-9279-7d34f037a1fc,https://www.speedtest.net/result/c/1492f1ea-3ce8-4d12-9279-7d34f037a1fc,official
OLT Punto Rojo 1,2025-08-21T08:43:24.109125,17639,Telecable S.A.,United States,,speedtestmiami.telecablecr.com,"Miami, FL",38.852,19.92012,433.607696,35782904,525380560,,,,,Telecable Economico,200.229.0.182,7b78a9c1-22e6-4a53-a0fc-bc64e140a6b3,https://www.speedtest.net/result/c/7b78a9c1-22e6-4a53-a0fc-bc64e140a6b3,official
OLT Punto Rojo 1,2025-08-21T08:48:53.038700,18204,Telecable S.A.,Costa Rica,,speedtest.telecablecr.com,San JosÃ©,2.929,414.907336,441.26788,554367316,398020423,,,,,Telecable Economico,200.229.0.182,fd5ca243-b408-42a2-8592-e9e46d9de5e9,https://www.speedtest.net/result/c/fd5ca243-b408-42a2-8592-e9e46d9de5e9,official
OLT Punto Rojo 1,2025-08-21T08:49:29.325718,17639,Telecable S.A.,United States,,speedtestmiami.telecablecr.com,"Miami, FL",38.948,20.65916,399.983,38440288,460534850,,,,,Telecable Economico,200.229.0.182,06375c2c-02dd-4f42-8f9e-3b65cd50c236,https://www.speedtest.net/result/c/06375c2c-02dd-4f42-8f9e-3b65cd50c236,official
OLT Punto Rojo 1,2025-08-21T08:55:00.276754,18204,Telecable S.A.,Costa Rica,,speedtest.telecablecr.com,San JosÃ©,3.215,414.909824,443.796368,554191936,510787886,,,,,Telecable Economico,200.229.0.182,f356147e-5bcf-48c0-85b7-22cfa74e4b7e,https://www.speedtest.net/result/c/f356147e-5bcf-48c0-85b7-22cfa74e4b7e,official
OLT Punto Rojo 1,2025-08-21T08:55:32.770244,17639,Telecable S.A.,United States,,speedtestmiami.telecablecr.com,"Miami, FL",38.875,20.183512,445.412208,25068648,555756209,,,,,Telecable Economico,200.229.0.182,a4cb0a34-a929-4025-b6d2-fa32f416672a,https://www.speedtest.net/result/c/a4cb0a34-a929-4025-b6d2-fa32f416672a,official
OLT Punto Rojo 1,2025-08-21T09:01:03.349071,18204,Telecable S.A.,Costa Rica,,speedtest.telecablecr.com,San JosÃ©,3.218,413.9664,443.52976,552171948,505120304,,,,,Telecable Economico,200.229.0.182,91535237-ddd2-4354-b50b-85adbe0e206f,https://www.speedtest.net/result/c/91535237-ddd2-4354-b50b-85adbe0e206f,official
OLT Punto Rojo 1,2025-08-21T09:01:34.273079,17639,Telecable S.A.,United States,,speedtestmiami.telecablecr.com,"Miami, FL",38.929,17.40728,434.9436,15321612,614243072,,,,,Telecable Economico,200.229.0.182,3f919c77-7c18-41cd-b64c-f86d6ca2fdc5,https://www.speedtest.net/result/c/3f919c77-7c18-41cd-b64c-f86d6ca2fdc5,official
OLT Punto Rojo 1,2025-08-21T09:07:05.152580,18204,Telecable S.A.,Costa Rica,,speedtest.telecablecr.com,San JosÃ©,3.191,413.399304,443.023952,547914476,528820468,,,,,Telecable Economico,200.229.0.182,9503e373-b147-4855-bbef-9b407d472c0e,https://www.speedtest.net/result/c/9503e373-b147-4855-bbef-9b407d472c0e,official
OLT Punto Rojo 1,2025-08-21T09:07:41.964569,17639,Telecable S.A.,United States,,speedtestmiami.telecablecr.com,"Miami, FL",38.896,28.901984,440.67252,42199032,755197804,,,,,Telecable Economico,200.229.0.182,66a07646-057e-4355-910e-a56af975f201,https://www.speedtest.net/result/c/66a07646-057e-4355-910e-a56af975f201,official
OLT Punto Rojo 1,2025-08-21T09:13:13.444863,18204,Telecable S.A.,Costa Rica,,speedtest.telecablecr.com,San JosÃ©,3.393,414.987352,443.962464,550791548,566126659,,,,,Telecable Economico,200.229.0.182,e36a3216-51bf-4b72-800f-f2533231841d,https://www.speedtest.net/result/c/e36a3216-51bf-4b72-800f-f2533231841d,official
OLT Punto Rojo 1,2025-08-21T09:13:47.131870,17639,Telecable S.A.,United States,,speedtestmiami.telecablecr.com,"Miami, FL",38.92,19.96724,438.180024,26922604,594762516,,,,,Telecable Economico,200.229.0.182,d305c11f-ae28-4098-9c28-e8f49c91666d,https://www.speedtest.net/result/c/d305c11f-ae28-4098-9c28-e8f49c91666d,official
OLT Punto Rojo 1,2025-08-21T09:19:18.314365,18204,Telecable S.A.,Costa Rica,,speedtest.telecablecr.com,San JosÃ©,3.313,414.292392,444.02128,558259080,522878629,,,,,Telecable Economico,200.229.0.182,ed04225d-7729-408e-87bb-590627cc180e,https://www.speedtest.net/result/c/ed04225d-7729-408e-87bb-590627cc180e,official
OLT Punto Rojo 1,2025-08-21T09:19:52.858077,17639,Telecable S.A.,United States,,speedtestmiami.telecablecr.com,"Miami, FL",39.04,16.990608,433.514296,26942372,511024028,,,,,Telecable Economico,200.229.0.182,4c21c63a-f1b7-42f3-a0c3-60eebb018f9b,https://www.speedtest.net/result/c/4c21c63a-f1b7-42f3-a0c3-60eebb018f9b,official
OLT Punto Rojo 1,2025-08-21T09:25:23.776606,18204,Telecable S.A.,Costa Rica,,speedtest.telecablecr.com,San JosÃ©,3.013,413.53808,444.126496,542617772,523815740,,,,,Telecable Economico,200.229.0.182,16f7b051-6226-4fad-b9e4-8d31f2036a0a,https://www.speedtest.net/result/c/16f7b051-6226-4fad-b9e4-8d31f2036a0a,official
OLT Punto Rojo 1,2025-08-21T09:26:02.368083,17639,Telecable S.A.,United States,,speedtestmiami.telecablecr.com,"Miami, FL",38.895,17.819008,441.474464,32299500,635840343,,,,,Telecable Economico,200.229.0.182,757865d9-f375-4d44-bf91-e227c00844f5,https://www.speedtest.net/result/c/757865d9-f375-4d44-bf91-e227c00844f5,official
OLT Punto Rojo 1,2025-08-21T09:31:34.085759,18204,Telecable S.A.,Costa Rica,,speedtest.telecablecr.com,San JosÃ©,3.2,413.763896,443.548688,553197596,548007155,,,,,Telecable Economico,200.229.0.182,645f3382-f0cd-4b9f-bcb9-576a23b48c6b,https://www.speedtest.net/result/c/645f3382-f0cd-4b9f-bcb9-576a23b48c6b,official
OLT Punto Rojo 1,2025-08-21T09:32:13.646563,17639,Telecable S.A.,United States,,speedtestmiami.telecablecr.com,"Miami, FL",38.607,19.417824,444.003032,35460968,661676644,,,,,Telecable Economico,200.229.0.182,86a72d64-28a3-497e-b102-ccef0e7b037f,https://www.speedtest.net/result/c/86a72d64-28a3-497e-b102-ccef0e7b037f,official
OLT Punto Rojo 1,2025-08-21T09:37:44.029999,18204,Telecable S.A.,Costa Rica,,speedtest.telecablecr.com,San JosÃ©,2.901,414.7406,445.706216,548994656,485447319,,,,,Telecable Economico,200.229.0.182,c31083d8-0506-4b6f-92ca-73b00300c5b7,https://www.speedtest.net/result/c/c31083d8-0506-4b6f-92ca-73b00300c5b7,official
OLT Punto Rojo 1,2025-08-21T09:38:25.318474,17639,Telecable S.A.,United States,,speedtestmiami.telecablecr.com,"Miami, FL",38.999,21.081592,449.101672,38133884,783331624,,,,,Telecable Economico,200.229.0.182,a7485dee-85e5-40fe-b93c-845373e91a7b,https://www.speedtest.net/result/c/a7485dee-85e5-40fe-b93c-845373e91a7b,official
OLT Punto Rojo 1,2025-08-21T09:43:57.796068,18204,Telecable S.A.,Costa Rica,,speedtest.telecablecr.com,San JosÃ©,3.091,413.771304,443.454024,557748764,530457930,,,,,Telecable Economico,200.229.0.182,18c2d7b6-7f2c-496b-be95-1773928413f7,https://www.speedtest.net/result/c/18c2d7b6-7f2c-496b-be95-1773928413f7,official
OLT Punto Rojo 1,2025-08-21T09:44:31.557076,17639,Telecable S.A.,United States,,speedtestmiami.telecablecr.com,"Miami, FL",38.971,20.50916,444.453632,26456644,596825584,,,,,Telecable Economico,200.229.0.182,92a94f42-1217-4409-b19d-60a1cd622b2c,https://www.speedtest.net/result/c/92a94f42-1217-4409-b19d-60a1cd622b2c,official
OLT Punto Rojo 1,2025-08-21T09:50:02.527705,18204,Telecable S.A.,Costa Rica,,speedtest.telecablecr.com,San JosÃ©,3.184,414.275808,443.828016,548104184,518004585,,,,,Telecable Economico,200.229.0.182,d375203b-c8c1-46bb-91f7-0d59f80c6d53,https://www.speedtest.net/result/c/d375203b-c8c1-46bb-91f7-0d59f80c6d53,official
OLT Punto Rojo 1,2025-08-21T09:50:32.803916,17639,Telecable S.A.,United States,,speedtestmiami.telecablecr.com,"Miami, FL",38.931,24.479928,442.899008,27487404,498438386,,,,,Telecable Economico,200.229.0.182,ec643ea5-db5b-43dc-ba7f-533de20ae29d,https://www.speedtest.net/result/c/ec643ea5-db5b-43dc-ba7f-533de20ae29d,official
OLT Punto Rojo 1,2025-08-21T09:56:04.000007,18204,Telecable S.A.,Costa Rica,,speedtest.telecablecr.com,San JosÃ©,3.199,408.656584,443.559968,547102284,553050414,,,,,Telecable Economico,200.229.0.182,2beb392f-9146-4d9d-b89e-46617711d82b,https://www.speedtest.net/result/c/2beb392f-9146-4d9d-b89e-46617711d82b,official
OLT Punto Rojo 1,2025-08-21T09:56:32.365200,17639,Telecable S.A.,United States,,speedtestmiami.telecablecr.com,"Miami, FL",38.962,18.97796,444.461832,14595844,546053425,,,,,Telecable Economico,200.229.0.182,689a1f79-457c-409e-9b30-dd2e25a63c96,https://www.speedtest.net/result/c/689a1f79-457c-409e-9b30-dd2e25a63c96,official
OLT Punto Rojo 1,2025-08-21T10:02:03.851358,18204,Telecable S.A.,Costa Rica,,speedtest.telecablecr.com,San JosÃ©,3.253,414.385912,444.130064,548377612,550053276,,,,,Telecable Economico,200.229.0.182,fe1676ff-c17c-45ca-8ad9-fa928eeb2dad,https://www.speedtest.net/result/c/fe1676ff-c17c-45ca-8ad9-fa928eeb2dad,official
OLT Punto Rojo 1,2025-08-21T10:02:38.478839,17639,Telecable S.A.,United States,,speedtestmiami.telecablecr.com,"Miami, FL",41.249,19.525384,442.79828,21071276,725799326,,,,,Telecable Economico,200.229.0.182,7e3caf7c-0869-4b64-b248-675d72b5304d,https://www.speedtest.net/result/c/7e3caf7c-0869-4b64-b248-675d72b5304d,official
OLT Punto Rojo 1,2025-08-21T10:08:09.762917,18204,Telecable S.A.,Costa Rica,,speedtest.telecablecr.com,San JosÃ©,3.263,413.864256,444.319872,543401724,560617007,,,,,Telecable Economico,200.229.0.182,fff34264-3f6c-48d4-90ae-331ad4b3614f,https://www.speedtest.net/result/c/fff34264-3f6c-48d4-90ae-331ad4b3614f,official
OLT Punto Rojo 1,2025-08-21T10:08:43.110175,17639,Telecable S.A.,United States,,speedtestmiami.telecablecr.com,"Miami, FL",41.302,19.766424,446.809704,22640008,659122116,,,,,Telecable Economico,200.229.0.182,046cca3b-2dc0-4abc-bdbb-a985735c0dcd,https://www.speedtest.net/result/c/046cca3b-2dc0-4abc-bdbb-a985735c0dcd,official
OLT Punto Rojo 1,2025-08-21T10:14:12.900215,18204,Telecable S.A.,Costa Rica,,speedtest.telecablecr.com,San JosÃ©,2.989,414.283232,442.909536,552850244,469423574,,,,,Telecable Economico,200.229.0.182,49b0bf00-8742-44a1-a0e5-a706767fc146,https://www.speedtest.net/result/c/49b0bf00-8742-44a1-a0e5-a706767fc146,official
OLT Punto Rojo 1,2025-08-21T10:14:53.671247,17639,Telecable S.A.,United States,,speedtestmiami.telecablecr.com,"Miami, FL",41.232,17.452808,445.167952,30716648,722365317,,,,,Telecable Economico,200.229.0.182,86201b99-016b-44e4-bfc1-c9f3aa2f0466,https://www.speedtest.net/result/c/86201b99-016b-44e4-bfc1-c9f3aa2f0466,official
OLT Punto Rojo 1,2025-08-21T10:20:24.506924,18204,Telecable S.A.,Costa Rica,,speedtest.telecablecr.com,San JosÃ©,3.279,412.950208,443.075104,547991516,522316263,,,,,Telecable Economico,200.229.0.182,24f3c9c9-87f5-4af7-a46b-47bc4d7b5d04,https://www.speedtest.net/result/c/24f3c9c9-87f5-4af7-a46b-47bc4d7b5d04,official
OLT Punto Rojo 1,2025-08-21T10:21:01.882063,17639,Telecable S.A.,United States,,speedtestmiami.telecablecr.com,"Miami, FL",41.204,21.749328,439.02352,39507760,557875901,,,,,Telecable Economico,200.229.0.182,f3768259-3484-4835-8975-cad51546641b,https://www.speedtest.net/result/c/f3768259-3484-4835-8975-cad51546641b,official
OLT Punto Rojo 1,2025-08-21T10:26:32.219848,18204,Telecable S.A.,Costa Rica,,speedtest.telecablecr.com,San JosÃ©,3.317,409.918808,443.569464,530427684,507401350,,,,,Telecable Economico,200.229.0.182,93c142e6-dd60-41fb-8ee1-de4462e892db,https://www.speedtest.net/result/c/93c142e6-dd60-41fb-8ee1-de4462e892db,official
OLT Punto Rojo 1,2025-08-21T10:27:08.440631,17639,Telecable S.A.,United States,,speedtestmiami.telecablecr.com,"Miami, FL",41.377,18.945504,435.752544,32679328,493030964,,,,,Telecable Economico,200.229.0.182,877195f6-07a3-45e0-bc8c-50d7e0b423b9,https://www.speedtest.net/result/c/877195f6-07a3-45e0-bc8c-50d7e0b423b9,official
OLT Punto Rojo 1,2025-08-21T10:32:38.160036,18204,Telecable S.A.,Costa Rica,,speedtest.telecablecr.com,San JosÃ©,2.946,414.86616,444.437256,548751500,457824648,,,,,Telecable Economico,200.229.0.182,da57bb0c-facf-484d-9542-48fe2786dcd8,https://www.speedtest.net/result/c/da57bb0c-facf-484d-9542-48fe2786dcd8,official
OLT Punto Rojo 1,2025-08-21T10:33:15.207544,17639,Telecable S.A.,United States,,speedtestmiami.telecablecr.com,"Miami, FL",41.313,13.737512,451.71424,19241324,729511912,,,,,Telecable Economico,200.229.0.182,1597a946-8ec5-4202-9a71-7a686c5fed15,https://www.speedtest.net/result/c/1597a946-8ec5-4202-9a71-7a686c5fed15,official
OLT Punto Rojo 1,2025-08-21T10:38:46.137551,18204,Telecable S.A.,Costa Rica,,speedtest.telecablecr.com,San JosÃ©,3.152,414.98708,443.35284,555115092,524650444,,,,,Telecable Economico,200.229.0.182,0189e9da-b62c-42c7-a1b1-c1dc6c406e68,https://www.speedtest.net/result/c/0189e9da-b62c-42c7-a1b1-c1dc6c406e68,official
OLT Punto Rojo 1,2025-08-21T10:39:16.672072,17639,Telecable S.A.,United States,,speedtestmiami.telecablecr.com,"Miami, FL",41.365,14.967632,445.760936,10512340,709209806,,,,,Telecable Economico,200.229.0.182,398352c1-0a45-47e8-99f8-16fc83621340,https://www.speedtest.net/result/c/398352c1-0a45-47e8-99f8-16fc83621340,official
OLT Punto Rojo 1,2025-08-21T10:44:47.706121,18204,Telecable S.A.,Costa Rica,,speedtest.telecablecr.com,San JosÃ©,3.186,411.181416,440.118832,538853088,538789357,,,,,Telecable Economico,200.229.0.182,ce910d19-05cf-4e9f-bf1f-e2e99f3aa48f,https://www.speedtest.net/result/c/ce910d19-05cf-4e9f-bf1f-e2e99f3aa48f,official
OLT Punto Rojo 1,2025-08-21T10:45:28.282827,17639,Telecable S.A.,United States,,speedtestmiami.telecablecr.com,"Miami, FL",41.007,18.730416,441.505344,32198128,787044827,,,,,Telecable Economico,200.229.0.182,235fc107-3cce-4bab-b075-10f13bdbf1fe,https://www.speedtest.net/result/c/235fc107-3cce-4bab-b075-10f13bdbf1fe,official
OLT Punto Rojo 1,2025-08-21T10:50:59.765423,18204,Telecable S.A.,Costa Rica,,speedtest.telecablecr.com,San JosÃ©,3.263,408.750232,443.048048,576899720,516338036,,,,,Telecable Economico,200.229.0.182,63d51a2d-0e8c-436b-9837-ae12b48c05b0,https://www.speedtest.net/result/c/63d51a2d-0e8c-436b-9837-ae12b48c05b0,official
OLT Punto Rojo 1,2025-08-21T10:51:41.678687,17639,Telecable S.A.,United States,,speedtestmiami.telecablecr.com,"Miami, FL",41.348,24.220368,451.52504,39678276,794623621,,,,,Telecable Economico,200.229.0.182,d17c62b7-fc08-4791-9998-d66c16210d5a,https://www.speedtest.net/result/c/d17c62b7-fc08-4791-9998-d66c16210d5a,official
OLT Punto Rojo 1,2025-08-21T10:57:13.327854,18204,Telecable S.A.,Costa Rica,,speedtest.telecablecr.com,San JosÃ©,3.158,416.080312,444.652648,556047304,560425689,,,,,Telecable Economico,200.229.0.182,61abf142-ef05-403a-b42b-eecce6773f7c,https://www.speedtest.net/result/c/61abf142-ef05-403a-b42b-eecce6773f7c,official
OLT Punto Rojo 1,2025-08-21T10:57:39.190525,17639,Telecable S.A.,United States,,speedtestmiami.telecablecr.com,"Miami, FL",41.343,15.93132,430.671104,9146936,492529237,,,,,Telecable Economico,200.229.0.182,8fee5b00-9ef9-495e-b13d-7fdd0a510163,https://www.speedtest.net/result/c/8fee5b00-9ef9-495e-b13d-7fdd0a510163,official
OLT Punto Rojo 1,2025-08-21T11:03:10.659448,18204,Telecable S.A.,Costa Rica,,speedtest.telecablecr.com,San JosÃ©,3.22,414.864432,443.97688,549768140,554312599,,,,,Telecable Economico,200.229.0.182,6262cde7-d825-4853-b28f-e9d8f896fc20,https://www.speedtest.net/result/c/6262cde7-d825-4853-b28f-e9d8f896fc20,official
OLT Punto Rojo 1,2025-08-21T11:03:45.180223,17639,Telecable S.A.,United States,,speedtestmiami.telecablecr.com,"Miami, FL",41.24,18.646944,406.433016,31320984,372360868,,,,,Telecable Economico,200.229.0.182,a1161f86-a832-4fa2-88f0-b7e19383ffd5,https://www.speedtest.net/result/c/a1161f86-a832-4fa2-88f0-b7e19383ffd5,official
OLT Punto Rojo 1,2025-08-21T11:09:16.641686,18204,Telecable S.A.,Costa Rica,,speedtest.telecablecr.com,San JosÃ©,3.2,415.03296,443.9184,554837804,567247818,,,,,Telecable Economico,200.229.0.182,c80eb5e1-e014-437e-9a5b-e952336c2d2d,https://www.speedtest.net/result/c/c80eb5e1-e014-437e-9a5b-e952336c2d2d,official
OLT Punto Rojo 1,2025-08-21T11:09:51.095114,17639,Telecable S.A.,United States,,speedtestmiami.telecablecr.com,"Miami, FL",41.2,18.952888,425.62252,32905248,394901259,,,,,Telecable Economico,200.229.0.182,6413fa17-cb11-43d0-b611-529e386c6a90,https://www.speedtest.net/result/c/6413fa17-cb11-43d0-b611-529e386c6a90,official
OLT Punto Rojo 1,2025-08-21T11:15:22.191297,18204,Telecable S.A.,Costa Rica,,speedtest.telecablecr.com,San JosÃ©,3.218,414.590712,442.438944,555195868,523731640,,,,,Telecable Economico,200.229.0.182,a6b71940-ab96-4263-9b17-377d4efa394b,https://www.speedtest.net/result/c/a6b71940-ab96-4263-9b17-377d4efa394b,official
OLT Punto Rojo 1,2025-08-21T11:15:50.011381,17639,Telecable S.A.,United States,,speedtestmiami.telecablecr.com,"Miami, FL",41.313,21.271032,440.93412,11246872,626539876,,,,,Telecable Economico,200.229.0.182,fe3f8015-04e9-4661-bd8f-8c45d6a4fdb6,https://www.speedtest.net/result/c/fe3f8015-04e9-4661-bd8f-8c45d6a4fdb6,official
OLT Punto Rojo 1,2025-08-21T11:21:21.496597,18204,Telecable S.A.,Costa Rica,,speedtest.telecablecr.com,San JosÃ©,3.348,413.835096,443.913912,557407352,565870391,,,,,Telecable Economico,200.229.0.182,08c3165b-dcb8-47b7-a0e5-ad382f9ceccc,https://www.speedtest.net/result/c/08c3165b-dcb8-47b7-a0e5-ad382f9ceccc,official
OLT Punto Rojo 1,2025-08-21T11:21:52.305900,17639,Telecable S.A.,United States,,speedtestmiami.telecablecr.com,"Miami, FL",40.961,14.329056,425.794032,17374660,478231535,,,,,Telecable Economico,200.229.0.182,839209ba-f993-4b1a-bbae-c83fdc06ef6a,https://www.speedtest.net/result/c/839209ba-f993-4b1a-bbae-c83fdc06ef6a,official
OLT Punto Rojo 1,2025-08-21T11:27:23.857611,18204,Telecable S.A.,Costa Rica,,speedtest.telecablecr.com,San JosÃ©,3.129,414.941696,443.78736,544435016,553824937,,,,,Telecable Economico,200.229.0.182,0cdcb177-9309-44fb-8d2f-121bcc315143,https://www.speedtest.net/result/c/0cdcb177-9309-44fb-8d2f-121bcc315143,official
OLT Punto Rojo 1,2025-08-21T11:28:00.440653,17639,Telecable S.A.,United States,,speedtestmiami.telecablecr.com,"Miami, FL",41.242,19.732064,435.080328,34177460,516183133,,,,,Telecable Economico,200.229.0.182,a6b7aaca-fbad-44f7-9967-5b0d42f902bd,https://www.speedtest.net/result/c/a6b7aaca-fbad-44f7-9967-5b0d42f902bd,official
OLT Punto Rojo 1,2025-08-21T11:33:30.567339,18204,Telecable S.A.,Costa Rica,,speedtest.telecablecr.com,San JosÃ©,3.432,412.457456,443.64332,551247624,469193576,,,,,Telecable Economico,200.229.0.182,deea1786-6922-4622-a22f-ef90f08ecb5d,https://www.speedtest.net/result/c/deea1786-6922-4622-a22f-ef90f08ecb5d,official
OLT Punto Rojo 1,2025-08-21T11:34:10.041215,17639,Telecable S.A.,United States,,speedtestmiami.telecablecr.com,"Miami, FL",41.13,66.886368,448.463224,111047709,673001785,,,,,Telecable Economico,200.229.0.182,4bdc2f9c-9709-48c6-b65e-478f865b99fb,https://www.speedtest.net/result/c/4bdc2f9c-9709-48c6-b65e-478f865b99fb,official
OLT Punto Rojo 1,2025-08-21T11:39:40.780325,18204,Telecable S.A.,Costa Rica,,speedtest.telecablecr.com,San JosÃ©,3.243,414.976416,443.79068,531289588,522510555,,,,,Telecable Economico,200.229.0.182,0fffd773-2ce5-49b0-8177-a65f54a8a30d,https://www.speedtest.net/result/c/0fffd773-2ce5-49b0-8177-a65f54a8a30d,official
OLT Punto Rojo 1,2025-08-21T11:40:18.746481,17639,Telecable S.A.,United States,,speedtestmiami.telecablecr.com,"Miami, FL",41.334,20.393392,413.604944,34663188,540108482,,,,,Telecable Economico,200.229.0.182,f50ad3a7-c404-4b44-af1d-164aa5c86a05,https://www.speedtest.net/result/c/f50ad3a7-c404-4b44-af1d-164aa5c86a05,official
OLT Punto Rojo 1,2025-08-21T11:45:49.913653,18204,Telecable S.A.,Costa Rica,,speedtest.telecablecr.com,San JosÃ©,3.056,413.809456,443.414248,546590556,524260339,,,,,Telecable Economico,200.229.0.182,b030c61b-f0a6-4b7f-8ea4-4801efd6b1ed,https://www.speedtest.net/result/c/b030c61b-f0a6-4b7f-8ea4-4801efd6b1ed,official
OLT Punto Rojo 1,2025-08-21T11:46:31.067078,17639,Telecable S.A.,United States,,speedtestmiami.telecablecr.com,"Miami, FL",41.239,16.83048,449.066816,27669552,749351628,,,,,Telecable Economico,200.229.0.182,46b2db12-3dff-42a5-ad9a-e819e3176377,https://www.speedtest.net/result/c/46b2db12-3dff-42a5-ad9a-e819e3176377,official
OLT Punto Rojo 1,2025-08-21T11:52:01.739948,18204,Telecable S.A.,Costa Rica,,speedtest.telecablecr.com,San JosÃ©,3.131,412.479272,443.703128,541885585,516351691,,,,,Telecable Economico,200.229.0.182,9aa3a743-cd17-48c5-9f27-3510f4f858b0,https://www.speedtest.net/result/c/9aa3a743-cd17-48c5-9f27-3510f4f858b0,official
OLT Punto Rojo 1,2025-08-21T11:52:34.810062,17639,Telecable S.A.,United States,,speedtestmiami.telecablecr.com,"Miami, FL",41.221,20.529576,435.398112,26589372,492618987,,,,,Telecable Economico,200.229.0.182,ddc88fa3-4eb1-4203-9698-ead7ae5b83f5,https://www.speedtest.net/result/c/ddc88fa3-4eb1-4203-9698-ead7ae5b83f5,official
OLT Punto Rojo 1,2025-08-21T11:58:05.915675,18204,Telecable S.A.,Costa Rica,,speedtest.telecablecr.com,San JosÃ©,3.277,412.873888,447.841032,537525272,538283680,,,,,Telecable Economico,200.229.0.182,ef40adf2-a38f-4a5b-8a56-32585d3d7b74,https://www.speedtest.net/result/c/ef40adf2-a38f-4a5b-8a56-32585d3d7b74,official
OLT Punto Rojo 1,2025-08-21T11:58:46.474121,17639,Telecable S.A.,United States,,speedtestmiami.telecablecr.com,"Miami, FL",41.216,17.109792,445.714664,29548924,699074814,,,,,Telecable Economico,200.229.0.182,517b809f-9caf-4a6f-a9c2-cc6a74da175a,https://www.speedtest.net/result/c/517b809f-9caf-4a6f-a9c2-cc6a74da175a,official
OLT Punto Rojo 1,2025-08-21T12:04:17.724546,18204,Telecable S.A.,Costa Rica,,speedtest.telecablecr.com,San JosÃ©,3.212,413.745176,444.332112,541980132,554810225,,,,,Telecable Economico,200.229.0.182,2277e46e-2852-4cda-997f-90d6d8c5bb02,https://www.speedtest.net/result/c/2277e46e-2852-4cda-997f-90d6d8c5bb02,official
OLT Punto Rojo 1,2025-08-21T12:04:58.477140,17639,Telecable S.A.,United States,,speedtestmiami.telecablecr.com,"Miami, FL",41.113,18.616208,446.890672,31501720,748600158,,,,,Telecable Economico,200.229.0.182,46c383b5-2eb4-4b19-b7d1-146d1ccb1467,https://www.speedtest.net/result/c/46c383b5-2eb4-4b19-b7d1-146d1ccb1467,official
OLT Punto Rojo 1,2025-08-21T12:10:29.982556,18204,Telecable S.A.,Costa Rica,,speedtest.telecablecr.com,San JosÃ©,2.915,412.38088,443.605864,551299624,558949761,,,,,Telecable Economico,200.229.0.182,debc6842-e28e-426c-85b0-e63fbce6eee2,https://www.speedtest.net/result/c/debc6842-e28e-426c-85b0-e63fbce6eee2,official
OLT Punto Rojo 1,2025-08-21T12:11:06.646947,17639,Telecable S.A.,United States,,speedtestmiami.telecablecr.com,"Miami, FL",41.069,15.210736,452.796648,18594628,790962874,,,,,Telecable Economico,200.229.0.182,7a8c0f2c-ff26-44c4-9d29-cf102676d75c,https://www.speedtest.net/result/c/7a8c0f2c-ff26-44c4-9d29-cf102676d75c,official
OLT Punto Rojo 1,2025-08-21T12:16:36.630931,18204,Telecable S.A.,Costa Rica,,speedtest.telecablecr.com,San JosÃ©,3.377,413.986984,442.901912,547640548,475087419,,,,,Telecable Economico,200.229.0.182,35949ecf-0a7e-4e1c-a15d-a6d086f56ac6,https://www.speedtest.net/result/c/35949ecf-0a7e-4e1c-a15d-a6d086f56ac6,official
OLT Punto Rojo 1,2025-08-21T12:17:11.800436,17639,Telecable S.A.,United States,,speedtestmiami.telecablecr.com,"Miami, FL",41.341,19.872824,424.727856,34423148,421876481,,,,,Telecable Economico,200.229.0.182,591ad38a-b4fa-4053-930e-df3937ed7808,https://www.speedtest.net/result/c/591ad38a-b4fa-4053-930e-df3937ed7808,official
OLT Punto Rojo 1,2025-08-21T12:22:43.936384,18204,Telecable S.A.,Costa Rica,,speedtest.telecablecr.com,San JosÃ©,3.415,414.451488,444.372432,554548344,560948730,,,,,Telecable Economico,200.229.0.182,089d411a-7f25-45cb-8edb-0a1c4a184ab3,https://www.speedtest.net/result/c/089d411a-7f25-45cb-8edb-0a1c4a184ab3,official
OLT Punto Rojo 1,2025-08-21T12:23:25.700439,17639,Telecable S.A.,United States,,speedtestmiami.telecablecr.com,"Miami, FL",41.176,18.760728,445.264232,32288204,796934796,,,,,Telecable Economico,200.229.0.182,305d91d4-53ec-4b80-8a01-60acf614bef4,https://www.speedtest.net/result/c/305d91d4-53ec-4b80-8a01-60acf614bef4,official
OLT Punto Rojo 1,2025-08-21T12:28:56.610068,18204,Telecable S.A.,Costa Rica,,speedtest.telecablecr.com,San JosÃ©,3.282,414.239416,443.442928,563667576,505701422,,,,,Telecable Economico,200.229.0.182,731ec3d7-df1e-4638-a71d-fc91d08cb194,https://www.speedtest.net/result/c/731ec3d7-df1e-4638-a71d-fc91d08cb194,official
OLT Punto Rojo 1,2025-08-21T12:29:35.381004,17639,Telecable S.A.,United States,,speedtestmiami.telecablecr.com,"Miami, FL",41.309,23.313736,445.328824,41308352,615141695,,,,,Telecable Economico,200.229.0.182,3d1e0114-e54e-45b4-86cb-d16aae8a6cbb,https://www.speedtest.net/result/c/3d1e0114-e54e-45b4-86cb-d16aae8a6cbb,official
OLT Punto Rojo 1,2025-08-21T12:35:06.198606,18204,Telecable S.A.,Costa Rica,,speedtest.telecablecr.com,San JosÃ©,3.233,414.036896,443.54188,552275524,522749558,,,,,Telecable Economico,200.229.0.182,60a895db-e9b4-4616-b522-c81179141304,https://www.speedtest.net/result/c/60a895db-e9b4-4616-b522-c81179141304,official
OLT Punto Rojo 1,2025-08-21T12:35:37.475294,17639,Telecable S.A.,United States,,speedtestmiami.telecablecr.com,"Miami, FL",41.442,17.74136,438.867552,21658668,503583446,,,,,Telecable Economico,200.229.0.182,1ca331e8-e7e4-47e3-82a0-6d76fca87627,https://www.speedtest.net/result/c/1ca331e8-e7e4-47e3-82a0-6d76fca87627,official
OLT Punto Rojo 1,2025-08-21T12:41:08.208226,18204,Telecable S.A.,Costa Rica,,speedtest.telecablecr.com,San JosÃ©,3.06,414.66544,443.70236,543176388,523867605,,,,,Telecable Economico,200.229.0.182,63f69bc8-fab5-4979-96b5-848e700025fc,https://www.speedtest.net/result/c/63f69bc8-fab5-4979-96b5-848e700025fc,official
OLT Punto Rojo 1,2025-08-21T12:41:45.002136,17639,Telecable S.A.,United States,,speedtestmiami.telecablecr.com,"Miami, FL",41.345,17.489112,440.912488,29320180,553441694,,,,,Telecable Economico,200.229.0.182,0bec303f-6aa2-4e78-887c-f693d6d89d79,https://www.speedtest.net/result/c/0bec303f-6aa2-4e78-887c-f693d6d89d79,official
OLT Punto Rojo 1,2025-08-21T12:47:14.825328,18204,Telecable S.A.,Costa Rica,,speedtest.telecablecr.com,San JosÃ©,3.089,416.014392,443.820816,550409772,463041289,,,,,Telecable Economico,200.229.0.182,89c5212c-26db-43f4-a8ba-c0dc9cbfdbd3,https://www.speedtest.net/result/c/89c5212c-26db-43f4-a8ba-c0dc9cbfdbd3,official
OLT Punto Rojo 1,2025-08-21T12:47:50.873735,17639,Telecable S.A.,United States,,speedtestmiami.telecablecr.com,"Miami, FL",41.355,21.082696,435.390632,35719364,443079994,,,,,Telecable Economico,200.229.0.182,82f58f00-c2db-4853-8954-952a63a2953d,https://www.speedtest.net/result/c/82f58f00-c2db-4853-8954-952a63a2953d,official
OLT Punto Rojo 1,2025-08-21T12:53:21.033739,18204,Telecable S.A.,Costa Rica,,speedtest.telecablecr.com,San JosÃ©,3.288,409.336784,442.785776,541986024,468608373,,,,,Telecable Economico,200.229.0.182,475a2ce0-8403-4219-99fa-c60ce2ee91bb,https://www.speedtest.net/result/c/475a2ce0-8403-4219-99fa-c60ce2ee91bb,official
OLT Punto Rojo 1,2025-08-21T12:53:57.164599,17639,Telecable S.A.,United States,,speedtestmiami.telecablecr.com,"Miami, FL",41.241,20.048784,430.859784,34030612,494828614,,,,,Telecable Economico,200.229.0.182,b3d1189b-ccdc-4316-8a68-e7c317f85cd7,https://www.speedtest.net/result/c/b3d1189b-ccdc-4316-8a68-e7c317f85cd7,official
OLT Punto Rojo 1,2025-08-21T12:59:28.425289,18204,Telecable S.A.,Costa Rica,,speedtest.telecablecr.com,San JosÃ©,3.142,414.596096,443.355768,563075120,517678373,,,,,Telecable Economico,200.229.0.182,e9a4a71d-a672-471e-850d-a93d75f473a7,https://www.speedtest.net/result/c/e9a4a71d-a672-471e-850d-a93d75f473a7,official
OLT Punto Rojo 1,2025-08-21T13:00:09.066777,17639,Telecable S.A.,United States,,speedtestmiami.telecablecr.com,"Miami, FL",41.231,15.1458,443.790136,24848376,747792637,,,,,Telecable Economico,200.229.0.182,6c28d904-1f71-4442-8800-ae0dea722e77,https://www.speedtest.net/result/c/6c28d904-1f71-4442-8800-ae0dea722e77,official
OLT Punto Rojo 1,2025-08-21T13:05:39.863394,18204,Telecable S.A.,Costa Rica,,speedtest.telecablecr.com,San JosÃ©,3.235,414.821336,443.528992,548451036,523016644,,,,,Telecable Economico,200.229.0.182,d05211e5-7761-4840-ac90-eaf4a1999869,https://www.speedtest.net/result/c/d05211e5-7761-4840-ac90-eaf4a1999869,official
OLT Punto Rojo 1,2025-08-21T13:06:21.273698,17639,Telecable S.A.,United States,,speedtestmiami.telecablecr.com,"Miami, FL",41.24,20.755016,446.197312,37852896,756725662,,,,,Telecable Economico,200.229.0.182,abaa0614-d8fd-465e-83d7-a943a100ab7a,https://www.speedtest.net/result/c/abaa0614-d8fd-465e-83d7-a943a100ab7a,official
OLT Punto Rojo 1,2025-08-21T13:11:52.411871,18204,Telecable S.A.,Costa Rica,,speedtest.telecablecr.com,San JosÃ©,3.334,413.930504,444.044128,546658916,543259125,,,,,Telecable Economico,200.229.0.182,fa3b3152-5026-460b-a536-9850c25c8324,https://www.speedtest.net/result/c/fa3b3152-5026-460b-a536-9850c25c8324,official
OLT Punto Rojo 1,2025-08-21T13:12:23.745061,17639,Telecable S.A.,United States,,speedtestmiami.telecablecr.com,"Miami, FL",41.412,19.404448,430.572968,24911916,474899146,,,,,Telecable Economico,200.229.0.182,34541ac5-ee7d-4270-981e-47b66381faa1,https://www.speedtest.net/result/c/34541ac5-ee7d-4270-981e-47b66381faa1,official
OLT Punto Rojo 1,2025-08-21T13:17:54.977224,18204,Telecable S.A.,Costa Rica,,speedtest.telecablecr.com,San JosÃ©,3.282,414.828944,443.468496,563357228,523621033,,,,,Telecable Economico,200.229.0.182,4e88e03c-d6e1-4e51-8108-f7c1a2921c77,https://www.speedtest.net/result/c/4e88e03c-d6e1-4e51-8108-f7c1a2921c77,official
OLT Punto Rojo 1,2025-08-21T13:18:27.160130,17639,Telecable S.A.,United States,,speedtestmiami.telecablecr.com,"Miami, FL",41.189,17.588624,431.890848,24397948,481195359,,,,,Telecable Economico,200.229.0.182,50977ec5-dcc9-4457-82d7-55c48212718d,https://www.speedtest.net/result/c/50977ec5-dcc9-4457-82d7-55c48212718d,official
OLT Punto Rojo 1,2025-08-21T13:23:57.895998,18204,Telecable S.A.,Costa Rica,,speedtest.telecablecr.com,San JosÃ©,3.285,414.339304,443.576152,553148176,510656264,,,,,Telecable Economico,200.229.0.182,402a7906-1e40-4db0-b4d6-88ac0f988818,https://www.speedtest.net/result/c/402a7906-1e40-4db0-b4d6-88ac0f988818,official
OLT Punto Rojo 1,2025-08-21T13:24:33.164037,17639,Telecable S.A.,United States,,speedtestmiami.telecablecr.com,"Miami, FL",39.085,20.260152,441.640936,27018912,656880148,,,,,Telecable Economico,200.229.0.182,4f089d61-16d1-4047-8c5c-e7b3faae1a35,https://www.speedtest.net/result/c/4f089d61-16d1-4047-8c5c-e7b3faae1a35,official
OLT Punto Rojo 1,2025-08-21T13:30:03.409784,18204,Telecable S.A.,Costa Rica,,speedtest.telecablecr.com,San JosÃ©,3.028,413.566448,443.427664,552308036,486182910,,,,,Telecable Economico,200.229.0.182,d6df2035-62bb-477d-b924-3a747187642f,https://www.speedtest.net/result/c/d6df2035-62bb-477d-b924-3a747187642f,official
OLT Punto Rojo 1,2025-08-21T13:30:34.453370,17639,Telecable S.A.,United States,,speedtestmiami.telecablecr.com,"Miami, FL",38.988,20.920696,444.618872,21516056,611383711,,,,,Telecable Economico,200.229.0.182,12fad8ce-edb9-469a-943e-f18b9cecfc9a,https://www.speedtest.net/result/c/12fad8ce-edb9-469a-943e-f18b9cecfc9a,official
OLT Punto Rojo 1,2025-08-21T13:36:05.807100,18204,Telecable S.A.,Costa Rica,,speedtest.telecablecr.com,San JosÃ©,3.266,415.80916,444.389496,534354748,569851544,,,,,Telecable Economico,200.229.0.182,4a18c50f-e124-4a40-ab75-58020cfb020a,https://www.speedtest.net/result/c/4a18c50f-e124-4a40-ab75-58020cfb020a,official
OLT Punto Rojo 1,2025-08-21T13:36:33.994774,17639,Telecable S.A.,United States,,speedtestmiami.telecablecr.com,"Miami, FL",38.962,18.73144,444.173568,11757724,608489286,,,,,Telecable Economico,200.229.0.182,1ecd3812-9bae-495e-9c94-296385c45d9f,https://www.speedtest.net/result/c/1ecd3812-9bae-495e-9c94-296385c45d9f,official
OLT Punto Rojo 1,2025-08-21T13:39:49.611390,18204,Telecable S.A.,Costa Rica,,speedtest.telecablecr.com,San JosÃ©,3.228,414.490192,444.57148,559114168,498990895,,,,,Telecable Economico,200.229.0.182,1f83b959-eedf-429e-a523-ffe27b6b8b9d,https://www.speedtest.net/result/c/1f83b959-eedf-429e-a523-ffe27b6b8b9d,official
OLT Punto Rojo 1,2025-08-21T13:42:04.302151,18204,Telecable S.A.,Costa Rica,,speedtest.telecablecr.com,San JosÃ©,3.12,414.490064,444.615264,547489464,493430276,,,,,Telecable Economico,200.229.0.182,8bb023ce-076c-4bcb-b073-74ac54d3f21e,https://www.speedtest.net/result/c/8bb023ce-076c-4bcb-b073-74ac54d3f21e,official
OLT Punto Rojo 1,2025-08-21T13:42:35.232642,17639,Telecable S.A.,United States,,speedtestmiami.telecablecr.com,"Miami, FL",38.874,18.571936,436.428872,21380504,512944653,,,,,Telecable Economico,200.229.0.182,53f7f2f1-f7b5-4f8e-8461-94c4e9703801,https://www.speedtest.net/result/c/53f7f2f1-f7b5-4f8e-8461-94c4e9703801,official
OLT Punto Rojo 1,2025-08-21T13:48:06.942279,18204,Telecable S.A.,Costa Rica,,speedtest.telecablecr.com,San JosÃ©,3.202,415.459344,443.82764,555254344,560494011,,,,,Telecable Economico,200.229.0.182,09ab7245-e0da-42a6-afc9-2085558883ae,https://www.speedtest.net/result/c/09ab7245-e0da-42a6-afc9-2085558883ae,official
OLT Punto Rojo 1,2025-08-21T13:48:41.818211,17639,Telecable S.A.,United States,,speedtestmiami.telecablecr.com,"Miami, FL",39.28,20.480808,407.98556,30040300,529651591,,,,,Telecable Economico,200.229.0.182,dffca3d0-e36b-49a8-941e-cad2dd913bc2,https://www.speedtest.net/result/c/dffca3d0-e36b-49a8-941e-cad2dd913bc2,official
OLT Punto Rojo 1,2025-08-21T13:54:12.583524,18204,Telecable S.A.,Costa Rica,,speedtest.telecablecr.com,San JosÃ©,3.364,416.077384,443.23816,555728192,475174275,,,,,Telecable Economico,200.229.0.182,75cbc43c-a110-4a1c-8709-2bc83588db67,https://www.speedtest.net/result/c/75cbc43c-a110-4a1c-8709-2bc83588db67,official
OLT Punto Rojo 1,2025-08-21T13:54:45.602592,17639,Telecable S.A.,United States,,speedtestmiami.telecablecr.com,"Miami, FL",39.001,15.636224,421.943968,23883980,421968317,,,,,Telecable Economico,200.229.0.182,8adf0f2f-6528-4aa9-ae12-611268f196f3,https://www.speedtest.net/result/c/8adf0f2f-6528-4aa9-ae12-611268f196f3,official
OLT Punto Rojo 1,2025-08-21T14:00:19.160569,18204,Telecable S.A.,Costa Rica,,speedtest.telecablecr.com,San JosÃ©,3.247,414.582736,443.220136,554150696,491888704,,,,,Telecable Economico,200.229.0.182,0759cd24-ac7b-4775-81b4-ad6fcac797bb,https://www.speedtest.net/result/c/0759cd24-ac7b-4775-81b4-ad6fcac797bb,official
OLT Punto Rojo 1,2025-08-21T14:00:55.069626,17639,Telecable S.A.,United States,,speedtestmiami.telecablecr.com,"Miami, FL",38.85,17.261744,421.15908,29916044,470807494,,,,,Telecable Economico,200.229.0.182,13058a4f-434c-45cc-90f6-f1f118ee2b75,https://www.speedtest.net/result/c/13058a4f-434c-45cc-90f6-f1f118ee2b75,official
OLT Punto Rojo 1,2025-08-21T14:06:26.026953,18204,Telecable S.A.,Costa Rica,,speedtest.telecablecr.com,San JosÃ©,3.091,414.453896,443.564832,553236304,522472881,,,,,Telecable Economico,200.229.0.182,1c5c686f-444e-474a-a97f-1a62a0f3c844,https://www.speedtest.net/result/c/1c5c686f-444e-474a-a97f-1a62a0f3c844,official
OLT Punto Rojo 1,2025-08-21T14:07:01.313647,17639,Telecable S.A.,United States,,speedtestmiami.telecablecr.com,"Miami, FL",39.024,20.784688,413.131672,34876400,389959890,,,,,Telecable Economico,200.229.0.182,b845323a-484e-4321-b6a3-37c6eef267d5,https://www.speedtest.net/result/c/b845323a-484e-4321-b6a3-37c6eef267d5,official
OLT Punto Rojo 1,2025-08-21T14:12:32.440013,18204,Telecable S.A.,Costa Rica,,speedtest.telecablecr.com,San JosÃ©,3.438,413.199288,443.35176,536888996,528821811,,,,,Telecable Economico,200.229.0.182,85c512ad-bcfe-4028-9292-0e4bb74bc157,https://www.speedtest.net/result/c/85c512ad-bcfe-4028-9292-0e4bb74bc157,official
OLT Punto Rojo 1,2025-08-21T14:13:05.469416,17639,Telecable S.A.,United States,,speedtestmiami.telecablecr.com,"Miami, FL",38.882,18.359888,423.632544,28492748,466171634,,,,,Telecable Economico,200.229.0.182,26651e54-919e-43c4-bd48-0d3f28d7cc29,https://www.speedtest.net/result/c/26651e54-919e-43c4-bd48-0d3f28d7cc29,official
OLT Punto Rojo 1,2025-08-21T14:18:36.227945,18204,Telecable S.A.,Costa Rica,,speedtest.telecablecr.com,San JosÃ©,3.217,414.571568,444.178488,549299356,518769901,,,,,Telecable Economico,200.229.0.182,5f4bcf95-8aa0-4d3f-8268-f74275647c91,https://www.speedtest.net/result/c/5f4bcf95-8aa0-4d3f-8268-f74275647c91,official
